productionRank,Name,Power_Model_1_true_0_false_,lat_1_8_,lon_1_8_,nameplate_MW_,annualProduction_MWh_,lat,long,ROR,Units,Pump,Reservoir,alpha,Slope_NID,Slope_Grand,Head_NID_m_,Storage_m3_,ID,BA,HUC2
1,'GrandCouleePG07',1,47.9375,-118.9375,6956.88,20887241,47.899368,-118.971541,0,30,6,1,0.05,9999,0.021688707,115.824,6395600000,6163,BPAT,17
2,'ChiefJoseph01',1,48.0625,-119.6875,2612.4,10474484,48.032292,-119.662392,1,27,0,0,0.05,0.00280185,9999,62.484,731453640,3921,BPAT,17
3,'JohnDay01',1,45.6875,-120.8125,2160,8170688,45.691573,-120.784451,1,16,0,0,0.05,0.001356475,9999,34.4424,3120704400,3082,BPAT,17
4,'The_Dalles_1',1,45.5625,-121.1875,1819.7,6011823,45.615,-121.1383,1,24,0,0,0.05,0.003045569,9999,34.7472,407048400,3895,BPAT,17
5,'Rocky_Reach_C_1',1,47.5625,-120.3125,1299.6,5756315,47.5483,-120.3133,1,11,0,0,0.05,0.001468125,9999,34.1376,481057200,3883,CHPD,17
6,'Wanapum01',1,46.9375,-119.9375,1236,5383825,46.920348,-119.97975,1,11,0,0,0.05,0.002042404,9999,24.384,981850080,3888,GCPD,17
7,'Bonneville1',1,45.6875,-121.9375,1224.2,4849500,45.6416,-121.9333,1,20,0,0,0.05,0.002333956,9999,15.24,662378760,3075,BPAT,17
8,'McNary01',1,45.9375,-119.1875,990.5,4408645,45.911516,-119.207143,1,14,0,0,0.05,0.001737191,9999,22.86,1665198000,3084,BPAT,17
9,'Wells01',1,47.9375,-119.9375,815,4125540,47.940686,-119.913516,1,10,0,0,0.05,0.001770416,9999,43.8912,616740000,3886,DOPD,17
10,'Priest_Rapids_1',1,46.6875,-119.9375,955.6,3978012,46.6459,-119.907,1,10,0,0,0.05,0.003619313,9999,23.7744,235594680,3887,GCPD,17
11,'Boundary51',1,48.9375,-117.3125,1039.8,3454060,48.959217,-117.338548,0,6,0,1,0.05,0.013707946,0.013426342,100.584,117200000,6433,SCL,17
12,'Glen_Canyon1',1,36.9375,-111.4375,1296,3276562,36.9379,-111.4842,1,8,0,0,0.05,0.002140987,9999,176.4792,36850215000,153,WALC,15
13,'Rock_Island_A',1,47.3125,-120.0625,629.43,2430699,47.3462,-120.0917,1,19,0,0,0.05,0.001022427,9999,16.79448,161585880,6200,CHPD,17
14,'EdwardCHyatt2',1,39.5625,-121.5625,798.69,2316594,39.559501,-121.514767,0,6,3,1,0.05,0.007024492,0.03033837,227.9904,4366519200,437,CIPV,18
15,'Libby_1',1,48.4375,-115.3125,525,2053180,48.4116,-115.3083,0,5,0,1,0.05,0.002184231,0.016653828,110.3376,7434200000,6172,BPAT,17
16,'Brownlee1',1,44.8125,-116.9375,585.4,1956571,44.83651,-116.89838,0,5,0,1,0.05,0.004005137,0.01626653,115.824,1813215600,811,IPTV,17
17,'Hoover_Dam_N1',1,36.0625,-114.6875,1037,1909061,36.078949,-114.669798,0,8,0,1,0.05,0.002218684,0.028789176,180.4416,37296734760,154,NEVP,15
18,'Shasta_1',1,40.6875,-122.4375,710,1904135,40.7186,-122.4192,0,5,0,1,0.05,0.004231512,0.023625198,160.3248,5750311073,445,CIPV,18
19,'LowerMonumentl1',1,46.5625,-118.5625,810,1837014,46.548618,-118.581623,1,6,0,0,0.05,0.003197431,9999,30.48,532863360,3927,BPAT,17
20,'Little_Goose_1',1,46.5625,-118.0625,810,1835922,46.58362,-118.02699,1,6,0,0,0.05,0.002795388,9999,29.8704,697162896,3926,BPAT,17
21,'Lower_Granite_1',1,46.6875,-117.4375,810,1781904,46.65797,-117.43103,1,6,0,0,0.05,0.003057819,9999,30.48,598237800,6175,BPAT,17
22,'Noxon_Rapids_1',1,47.9375,-115.6875,532.4,1599527,47.944851,-115.715751,0,5,0,1,0.05,0.004100251,0.007100469,50.4444,493400000,2199,AVA,17
23,'Hells_Canyon_1',1,45.3125,-116.6875,391.5,1589680,45.323169,-116.657432,1,3,0,0,0.05,0.008552093,9999,98.4504,231894240,3013,IPTV,17
24,'Hoover_Dam_A1',1,36.0625,-114.6875,1037,1499968,36.078949,-114.669798,0,9,0,1,0.05,0.002218684,0.028789176,180.4416,37296734760,8902,WALC,15
25,'Dworshak_1',1,46.4375,-116.3125,400,1413670,46.5099,-116.2961,1,3,0,0,0.05,0.006294108,9999,192.9384,4391188800,840,BPAT,17
26,'Ice_Harbor_1',1,46.3125,-118.8125,603,1263927,46.280109,-118.821679,1,6,0,0,0.05,0.00291035,9999,30.48,501409620,3925,BPAT,17
27,'Colgate_1',1,39.4375,-121.1875,352.39,1183876,39.409946,-121.161325,0,2,0,1,0.05,0.010082293,0.025045292,190.8048,1245814800,454,CIPV,18
28,'DevilCanyon1',1,34.1875,-117.3125,280,1143380,34.188092,-117.321368,1,4,0,0,0.05,0.016480441,9999,9.144,1184140.8,436,CISC,18
29,'Kerr_KER1',1,47.6875,-114.1875,207.6,1032055,47.665979,-114.198122,0,3,0,1,0.05,0.001307307,0.007616867,56.9976,2209200000,2188,NWMT,17
30,'CabinetGorge1',1,48.0625,-116.0625,265.2,1021306,48.0856,-116.0571,1,4,0,0,0.05,0.005490876,9999,59.436,129022008,833,AVA,17
31,'Davis_Dam_1',1,35.1875,-114.5625,255,989907,35.1959,-114.57,0,5,0,1,0.05,0.001386478,0.007875066,42.672,2242900000,152,WALC,15
32,'BigCreek3-1',1,37.1875,-119.3125,174.4,943294,37.229702,-119.233391,1,5,0,0,0.05,0.004374901,9999,50.292,110766504,319,CISC,18
33,'Round_Butte_1',1,44.5625,-121.3125,246.9,890175,44.6042,-121.2769,1,3,0,0,0.05,0.007805174,9999,129.54,659911800,3050,PGE,17
34,'DonPedro1',1,37.6875,-120.4375,203.2,886529,37.69806,-120.42051,0,4,0,1,0.05,0.00577099,0.022334204,170.688,2837004000,439,TIDC,18
35,'Hungry_Horse_1',1,48.3125,-114.0625,428,864300,48.34153,-114.01367,1,4,0,0,0.05,0.004373941,9999,160.02,4425726240,2203,BPAT,17
36,'Pit_5_H1',1,40.9375,-121.8125,164,854008,40.959625,-121.857426,1,4,0,0,0.05,0.01504061,9999,11.5824,407048.4,268,CIPV,18
37,'Collierville1',1,38.1875,-120.3125,252.5,848264,38.1461,-120.3547,1,2,0,0,0.05,0.014104233,9999,16.764,394713.6,54555,CIPV,18
38,'Oxbow_(OR)_1',1,44.9375,-116.8125,220,813724,44.97094,-116.83539,0,4,0,1,0.05,0.007734736,0.008649663,39.624,72017963.28,3014,IPTV,17
39,'Folsom_1',1,38.6875,-121.1875,215.1,786069,38.70744,-121.15675,0,3,0,1,0.05,0.003874048,0.013426342,83.82,1235946960,441,BANC,18
40,'Dion_R_Holm_1',1,37.8125,-119.9375,170,782616,37.951196,-119.934782,0,2,0,1,0.05,9999,0.012393547,51.2064,337400000,380,CIPV,18
41,'Gorge21',1,48.6875,-121.1875,207.3,775769,48.702795,-121.168379,0,4,0,1,0.05,0.015889946,0.015362834,102.108,111000000,6431,SCL,17
42,'Mayfield_41',1,46.5625,-122.5625,162,748712,46.5625,-122.5625,0,4,0,1,0.05,0.005697085,0.009811558,70.104,227199615.1,3917,TPWR,17
43,'WhiteRock1',1,38.9375,-120.8125,250,718043,38.7715,-120.8128,1,2,0,0,0.05,0.015612463,9999,29.1084,3873127.2,435,BANC,18
44,'James_B_Black_1',1,41.0625,-121.9375,169.1,704284,41.0414,-121.9853,0,2,0,1,0.05,0.012437292,0.008391464,62.1792,30000000,249,CIPV,18
45,'Jaybird_H1',1,38.8125,-120.5625,154,687258,38.829192,-120.528967,1,2,0,0,0.05,0.040715333,9999,39.624,669779.64,431,BANC,18
46,'Haas1',1,37.0625,-118.9375,144,683120,37.0042,-118.9684,0,2,0,1,0.05,0.007094752,0.010457055,79.248,164792928,240,CIPV,18
47,'BigCreek2A-1',1,37.1875,-119.1875,110,680756,37.232666,-119.146428,0,2,0,1,0.05,0.002713402,0.006713171,36.576,110766504,322,CISC,18
48,'Poe_1',1,39.8125,-121.4375,128,679771,39.8097,-121.4318,1,2,0,0,0.05,0.012755638,9999,12.192,1485109.92,272,CIPV,18
49,'MammothPool1',1,37.3125,-119.3125,190,675630,37.3231,-119.3172,0,2,0,1,0.05,0.014745245,0.016008331,100.584,151700000,344,CISC,18
50,'HelmsPS1',1,37.0625,-118.9375,1218,669715,37.0042,-118.9684,0,3,3,1,0.05,0.007094752,0.010457055,79.248,164792928,6100,CIPV,18
51,'DiabloHydro_31',1,48.6875,-121.1875,166,661220,48.702795,-121.168379,0,2,0,1,0.05,0.015889946,0.015362834,102.108,111000000,6432,SCL,17
52,'R_C_Kirkwood_1',1,37.9375,-119.8125,129.39,643632,37.964502,-119.842081,0,3,0,1,0.05,9999,0.012264447,11.2776,444100000,382,CIPV,18
53,'Castaic_7',1,34.5625,-118.6875,1522,629513,34.553193,-118.668136,0,8,7,1,0.05,0.009704737,0.007100469,51.816,40088100,392,LDWP,18
54,'Balch2-2',1,36.8125,-119.1875,107.1,624693,36.821084,-119.177212,1,2,0,0,0.05,0.072721809,9999,49.9872,400881,218,CIPV,18
55,'Yellowtail_1',1,45.3125,-107.9375,250,606936,45.3163,-107.9216,0,4,0,1,0.05,0.006742877,0.020655911,14.0208,1760600000,2204,WAUW,10
56,'Pine_Flat_1',1,36.8125,-119.3125,173.7,594324,36.8316,-119.325,0,3,0,1,0.05,0.005708992,0.017299326,129.2352,1233500000,7907,CIPV,18
57,'Kerckhoff_2_1',1,37.0625,-119.5625,153.9,581754,37.092232,-119.546436,1,1,0,0,0.05,0.011546254,9999,26.2128,5244756.96,682,CIPV,18
58,'Ross_41',1,48.6875,-121.0625,450,561120,48.73153,-121.06604,0,4,0,1,0.05,0.006439848,0.021301408,120.396,1791938070,6202,SCL,17
59,'Electra_1',1,38.4375,-120.5625,91.99,555322,38.4205,-120.5495,1,3,0,0,0.05,0.031338993,9999,13.716,43788.54,239,CIPV,18
60,'BigCreek4-1',1,37.1875,-119.1875,100,541866,37.229702,-119.233391,1,2,0,0,0.05,0.004374901,9999,50.292,110766504,320,CISC,18
61,'Mossyrock_51',1,46.5625,-122.4375,300,538112,46.5348,-122.42511,0,2,0,1,0.05,0.006694414,0.023883397,161.0868,2343612000,3918,TPWR,17
62,'Rock_Creek_H1',1,39.9375,-121.3125,113.9,536803,39.973751,-121.291966,1,2,0,0,0.05,0.01150008,9999,35.052,5427312,275,CIPV,18
63,'Swift_1_HY11',1,46.0625,-122.1875,240,530583,46.064,-122.197,0,3,0,1,0.05,0.005951261,0.015750132,121.92,931900000,3850,PACW,17
64,'Pit_7_H1',1,40.8125,-122.0625,110.3,525074,40.811134,-122.044777,1,2,0,0,0.05,0.011532024,9999,67.9704,42061668,270,CIPV,18
65,'Palisades_1',1,43.3125,-111.1875,176.4,521312,43.331827,-111.200727,0,4,0,1,0.05,0.002304714,0.010586154,75.8952,1748840279,850,PAID,17
66,'MIddleFork1',1,39.0625,-120.5625,131.16,482440,39.0264,-120.6032,1,2,0,0,0.05,0.029410219,9999,19.5072,191189.4,425,CIPV,18
67,'Camino_H1',1,38.8125,-120.5625,150,478088,38.829192,-120.528967,1,2,0,0,0.05,0.040715333,9999,39.624,669779.64,430,BANC,18
68,'Moccasin_1',1,37.8125,-120.3125,115,475536,37.8123,-120.3057,1,2,0,0,0.05,0.012213846,9999,15.3924,683347.92,381,CIPV,18
69,'BigCreek1-1',1,37.1875,-119.1875,88.3,467032,37.171971,-119.166817,1,4,0,0,0.05,0.004575259,9999,51.816,110766504,317,CISC,18
70,'Thompson_Falls1',1,47.5625,-115.3125,87.1,458899,47.5916,-115.330544,1,7,0,0,0.05,0.001569754,9999,15.24,30158586,2195,NWMT,17
71,'Long_Lake_1',1,47.8125,-117.8125,70,457872,47.83726,-117.83923,0,4,0,1,0.05,0.006440123,0.009036961,64.3128,129614078.4,3867,AVA,17
72,'Pit_3_H1',1,41.0625,-121.6875,80.1,449472,41.0218,-121.6767,0,3,0,1,0.05,0.004739558,0.004776679,32.9184,51691446.36,266,CIPV,18
73,'BoxCanyonAVA1',1,48.6875,-117.4375,84.75,446633,48.720187,-117.439466,1,4,0,0,0.05,0.002716995,9999,32.004,74008800,3891,AVA,17
74,'Fort_Peck_1',1,47.9375,-106.4375,105.5,438481,47.997082,-106.417673,1,3,0,0,0.05,0.000579727,9999,67.056,23559468000,6623,WAUW,10
75,'Pit_4_1',1,40.9375,-121.8125,103.4,426318,40.9878,-121.7692,1,2,0,0,0.05,0.01607816,9999,20.4216,2429955.6,267,CIPV,18
76,'Caribou_2_4',1,40.1875,-121.0625,122,415300,40.1744,-121.0888,0,2,0,1,0.05,0.000907538,0.005163978,27.432,1613400000,223,CIPV,18
77,'Parker_Dam_1',1,34.3125,-114.1875,120,410960,34.29605,-114.14036,1,4,0,0,0.05,0.008345823,9999,24.384,222026400,447,WALC,15
78,'Stanislaus_HC1',1,38.1875,-120.3125,91,406261,38.1461,-120.3547,1,1,0,0,0.05,0.014104233,9999,16.764,394713.6,285,CIPV,18
79,'Ryan1',1,47.5625,-111.0625,66.4,405656,47.56991,-111.12261,1,8,0,0,0.05,0.007599349,9999,23.1648,4505902.44,2194,NWMT,10
80,'Trinity_1',1,40.8125,-122.8125,140,402381,40.79673,-122.76083,0,2,0,1,0.05,0.004645483,0.021172309,139.5984,3405477928,451,BANC,18
81,'Keswick_1',1,40.5625,-122.4375,117,394023,40.612,-122.44514,1,3,0,0,0.05,0.007675672,9999,36.8808,30999819.36,443,BANC,18
82,'Exchequer',1,37.5625,-120.3125,94.5,393737,37.58413,-120.27237,1,1,0,0,0.05,0.006397027,9999,133.1976,1356828000,409,CIPV,18
83,'BigCreek2-3',1,37.1875,-119.1875,66.4,391606,37.232666,-119.146428,0,4,0,1,0.05,0.002713402,0.006713171,36.576,110766504,318,CISC,18
84,'FlamingGorge1',1,40.9375,-109.4375,151.95,386817,40.9149,-109.4219,0,3,0,1,0.05,0.003477265,0.019752215,136.5504,4937743788,6405,WACM,15
85,'Pelton_1',1,44.6875,-121.1875,109.8,381388,44.69398,-121.23115,0,3,0,1,0.05,0.010106764,0.008004166,59.436,39224664,3048,PGE,17
86,'Summer_Falls1',1,47.4375,-119.3125,94,372844,47.456531,-119.283692,0,2,0,1,0.05,0.003987158,0.005163978,5.7912,26100000,56695,TPWR,17
87,'BigCreek8-1',1,37.1875,-119.4375,75,372307,37.144075,-119.449278,0,2,0,1,0.05,0.013069423,0.009166061,75.5904,43200000,321,CISC,18
88,'Pit_6_H1',1,40.9375,-121.9375,79,371282,40.927345,-121.975954,1,2,0,0,0.05,0.013357765,9999,53.9496,19612332,269,CIPV,18
89,'Merwin_1',1,45.9375,-122.5625,135,362892,45.95662,-122.55691,1,3,0,0,0.05,0.005272793,9999,70.104,520528560,3847,PACW,17
90,'NewMelones1',1,37.9375,-120.5625,300,355060,37.950885,-120.522215,1,2,0,0,0.05,0.005705051,9999,187.1472,3540087600,6158,CIPV,18
91,'Spring_Creek_1',1,40.6875,-122.4375,191.6,352204,40.665796,-122.462138,1,2,0,0,0.05,9999,9999,60.96,0,450,CIPV,18
92,'Tiger_Creek_H1',1,38.4375,-120.5625,56,339370,38.4413,-120.5051,1,2,0,0,0.05,0.015915931,9999,31.02864,3219382.8,287,CIPV,18
93,'Donnells',1,38.3125,-119.9375,72,329919,38.3302,-119.9613,0,1,0,1,0.05,0.013693443,0.012522646,94.488,80200000,415,CIPV,18
94,'Chelan_A_1',1,47.8125,-120.0625,59.2,323858,47.83426,-120.01229,1,2,0,0,0.05,0.000403358,9999,17.3736,833955828,6424,CHPD,17
95,'Belden_1',1,40.0625,-121.1875,119,316308,40.0757,-121.1612,0,1,0,1,0.05,0.023276623,0.004131182,37.7952,61400000,219,CIPV,18
96,'Yale1',1,45.9375,-122.3125,134,316232,45.96559,-122.33517,0,2,0,1,0.05,0.005663321,0.012651746,94.1832,495900000,3852,PACW,17
97,'CastaicInflowHydro',1,34.5625,-118.6875,99,310757,34.553193,-118.668136,0,1,1,1,0.05,0.009704737,0.007100469,51.816,40088100,392,LDWP,18
98,'Woodleaf',1,39.5625,-121.0625,60,308346,39.5826,-121.1155,0,1,0,1,0.05,0.011860687,0.010715254,79.248,80977962,419,CIPV,18
99,'H_M_Jackson_1',1,47.9375,-121.6875,111.8,303260,47.9746,-121.6868,0,4,0,1,0.05,0.005964297,0.010327956,73.7616,238604371.2,7588,BPAT,17
100,'Lower_Baker_3',1,48.6875,-121.6875,111.75,296319,48.66269,-121.688449,0,2,0,1,0.05,0.007781382,0.010844353,84.4296,200600000,3855,PSEI,17
101,'Upper_Baker_1',1,48.6875,-121.6875,104.8,295232,48.720575,-121.631078,0,2,0,1,0.05,0.006509715,0.004518481,92.6592,352100000,3861,PSEI,17
102,'Ralston',1,38.9375,-120.8125,89.5,291212,38.987168,-120.773526,1,1,0,0,0.05,0.009850155,9999,24.0792,3429074.4,427,CIPV,18
103,'Bliss1',1,42.9375,-115.0625,75,287706,42.91382,-115.07113,1,3,0,0,0.05,0.011169801,9999,40.8432,10379734.2,810,IPMV,17
104,'SanFrancisq1_1A',1,34.5625,-118.5625,69.38,279757,34.5302,-118.5234,0,4,0,1,0.05,0.06938578,0.013426342,30.48,399300000,6479,LDWP,18
105,'Cresta_1',1,39.9375,-121.3125,70.4,277212,39.8805,-121.3702,1,2,0,0,0.05,0.011547765,9999,34.4424,5106607.2,231,CIPV,18
106,'Morrow_Point_1',1,38.4375,-107.5625,173.34,276712,38.4519,-107.538,0,2,0,1,0.05,0.017983059,0.018461221,121.92,149590287,514,WACM,15
107,'Detroit_1',1,44.6875,-122.1875,100,266600,44.706366,-122.222076,0,2,0,1,0.05,0.009135793,0.018203022,110.9472,561233400,3077,BPAT,17
108,'Cushman1-21',1,47.4375,-123.1875,43.2,263848,47.42385,-123.22027,0,2,0,1,0.05,0.003982639,0.010198856,76.2,595500000,3914,TPWR,17
109,'Judge_F_Carr_1',1,40.6875,-122.5625,171.2,260490,40.643949,-122.576466,0,2,0,1,0.05,0.005574521,0.011102552,80.1624,340584797.2,442,BANC,18
110,'Cochrane_COC1',1,47.5625,-111.1875,64,259334,47.55377,-111.14904,1,2,0,0,0.05,0.007233968,9999,30.48,10440174.72,2182,NWMT,10
111,'Canyon_Ferry_1',1,46.6875,-111.8125,49.8,258453,46.64845,-111.72828,1,3,0,0,0.05,0.001457711,9999,52.4256,2529867480,6400,NWMT,10
112,'Drum_2_5',1,39.3125,-120.8125,50,251903,39.2544,-120.7749,1,1,0,0,0.05,0.033496795,9999,29.8704,420616.68,236,CIPV,18
113,'Holter_HOL1',1,46.9375,-111.9375,38.4,251408,46.99106,-112.0046,0,4,0,1,0.05,0.001544018,0.004905779,36.576,377444880,2186,NWMT,10
114,'Morony_MOR1',1,47.5625,-111.0625,45,251366,47.58247,-111.06052,1,2,0,0,0.05,0.005809257,9999,28.3464,17131803.72,2191,NWMT,10
115,'W_R_Gianelli_1',1,37.0625,-121.0625,424,242270,37.091669,-121.041286,0,8,8,1,0.05,0.002005935,0.014975536,18.5928,2419300000,448,CIPV,18
116,'CabinCreekA',1,39.6875,-105.6875,300,242162,39.65,-105.7189,1,2,2,0,0.05,0.044368335,9999,64.008,2220264,467,PSCO,10
117,'Salt_Springs_1',1,38.4375,-120.1875,44,240375,38.49794,-120.21818,0,2,0,1,0.05,0.009750952,0.013039044,71.84136,175154160,279,CIPV,18
118,'Rainbow9',1,47.5625,-111.1875,60,232735,47.5346,-111.2041,1,1,0,0,0.05,0.005133039,9999,12.8016,1525814.76,2193,NWMT,10
119,'Prospect2-1',1,42.8125,-122.5625,32,230702,42.776257,-122.533972,1,2,0,0,0.05,0.011893734,9999,16.764,555066,3033,PACW,17
120,'KingsRiverHY',1,36.8125,-119.3125,51.2,230372,36.8316,-119.325,0,1,0,1,0.05,0.005708992,0.017299326,129.2352,1233500000,254,CISC,18
121,'Thermalito_1',1,39.4375,-121.6875,142.72,227414,39.4771,-121.6871,0,4,3,1,0.05,0.000630789,0.001549193,9.6012,70358932.68,438,CIPV,18
122,'LuckyPeak131',1,43.5625,-116.0625,71.25,226234,43.52793,-116.05348,0,3,0,1,0.05,0.006998897,0.013426342,72.2376,378700000,10014,IPTV,17
123,'AmericanFalls1',1,42.8125,-112.9375,92.34,225771,42.7788,-112.87579,0,3,0,1,0.05,9999,0.004131182,28.6512,2061500000,809,IPFE,17
124,'Pit_1_H1',1,41.0625,-121.4375,64,223500,41.0082,-121.4482,1,2,0,0,0.05,0.003460765,9999,10.668,3961937.76,265,CIPV,18
125,'Swift_2_21',1,46.0625,-122.3125,70,219808,46.05953,-122.26011,1,2,0,0,0.05,0.016466014,9999,19.2024,3083700,6265,PACW,17
126,'Horse_Mesa_HM1',1,33.5625,-111.3125,140.7,216320,33.58962,-111.34541,0,4,1,1,0.05,0.006445126,0.012006248,82.9056,322351495.8,145,SRP,15
127,'Forbestown_1',1,39.5625,-121.3125,39,212895,39.56046,-121.27261,1,1,0,0,0.05,0.024034585,9999,24.384,434184.96,417,CIPV,18
128,'W_E_Warne_1',1,34.6875,-118.8125,78.2,210448,34.6443,-118.7643,0,2,0,1,0.05,0.012967345,0.016653828,115.824,210925080,6196,CIPV,18
129,'BlueMesa1',1,38.4375,-107.3125,86.4,208630,38.4547,-107.33472,0,2,0,1,0.05,0.004911926,0.015362834,104.2416,1160334636,512,WACM,15
130,'Bucks_Creek_H1',1,39.9375,-121.1875,59,198844,39.9012,-121.2283,0,2,0,1,0.05,0.007971045,0.004776679,27.1272,127000000,220,CIPV,18
131,'AlbeniFalls1',1,48.1875,-117.0625,42.6,197343,48.18,-117,0,3,0,1,0.05,0.001389947,0.007100469,27.432,1424700000,851,BPAT,17
132,'Lower_Salmon_1',1,42.8125,-114.9375,60,196440,42.84195,-114.90444,0,4,0,1,0.05,0.002390321,0.004389381,14.3256,13444932,816,IPMV,17
133,'Snoqualmie2-6Repower',1,47.5625,-121.8125,40.7,191229,47.54047,-121.83662,1,2,0,0,0.05,0.001791159,9999,5.7912,1008986.64,7867,PSEI,17
134,'Carmen_Smith_1',1,44.3125,-122.0625,114.3,191071,44.3125,-122.0625,0,3,0,1,0.05,0.002688854,0.009811558,5.1816,21600000,3067,BPAT,17
135,'Little_Falls_1',1,47.8125,-117.9375,32,190508,47.82971,-117.91845,1,4,0,0,0.05,0.005796752,9999,17.3736,5242290,3866,AVA,17
136,'Lookout_Point_1',1,43.9375,-122.8125,120,189327,43.91523,-122.75363,1,3,0,0,0.05,0.004103613,9999,73.7616,589233396,3083,BPAT,17
137,'LaGrande_1',1,46.8125,-122.3125,64,187164,46.7901,-122.2867,1,5,0,0,0.05,0.023302568,9999,64.008,8881056,3916,TPWR,17
138,'Baker_Station',1,38.0625,-120.4375,55.63,185992,38.040633,-120.457165,1,27,0,0,0.05,0.017213259,9999,10.0584,135682.8,-1,CIPV,18
139,'Oak_Grove_1',1,45.0625,-121.9375,51,182730,45.07468,-121.96987,1,2,0,0,0.05,0.017342584,9999,20.7264,493392,6505,PGE,17
140,'Toketee_Falls_1',1,43.3125,-122.4375,44.01,181962,43.288413,-122.437,1,3,0,0,0.05,0.008427933,9999,12.192,1296387.48,3040,PACW,17
141,'Cowlitz_Falls1',1,46.4375,-122.0625,70,178388,46.46654,-122.10982,0,2,0,1,0.05,9999,0.005551276,42.672,18500000,7427,BPAT,17
142,'Flatiron_1',1,40.4375,-105.0625,94.5,175615,40.42151,-105.07216,0,3,0,1,0.05,9999,0.001549193,18.288,74000000,518,WACM,10
143,'LostCreek_OR1',1,42.6875,-122.6875,49,174462,42.66519,-122.67617,0,2,0,1,0.05,9999,0.013555442,8.5344,616700000,6174,BPAT,17
144,'Chicago_Park_2P',1,39.1875,-120.8125,42,169173,39.156407,-120.840051,1,1,0,0,0.05,0.028326225,9999,17.0688,127048.44,412,CIPV,18
145,'FriantFR1',1,36.9375,-119.6875,40.59,166324,36.99911,-119.70461,0,4,0,1,0.05,9999,0.012522646,97.2312,535100000,50393,CIPV,18
146,'Alder11',1,46.8125,-122.3125,50,164032,46.798095,-122.334381,0,2,0,1,0.05,0.007550352,0.013039044,88.392,297509208.6,3913,TPWR,17
147,'Green_Peter_1',1,44.4375,-122.5625,80,163018,44.4583,-122.525,0,2,0,1,0.05,0.006932405,0.014846436,97.2312,530400000,3080,BPAT,17
148,'Union_Valley_1',1,38.8125,-120.4375,46.7,155532,38.83241,-120.448547,0,1,0,1,0.05,0.011632035,0.017815723,134.112,328560834.1,6612,BANC,18
149,'JSEastwoodPSInflowHY',1,37.3125,-119.0625,50.8,152220,37.3201,-119.0693,1,1,1,0,0.05,0.016414141,9999,19.812,481057.2,104,CISC,18
,,,,,,,,,,,,,,,,,,,,
150,'Drum1-1',0,39.3125,-120.8125,67.2,149012,39.25409,-120.75001,0,,,0,9999,9999,9999,3047.6952,0,235,CIPV,0
151,'Cushman_2_31',0,47.3125,-123.1875,81,143886,47.39776,-123.20121,0,,,0,9999,9999,9999,3047.6952,0,3915,TPWR,0
152,'Mount_Elbert_1',0,39.0625,-106.3125,200,142084,39.1062,-106.3468,0,,,0,9999,9999,9999,3047.6952,0,6208,WACM,0
153,'Pole_Hill_1',0,40.4375,-105.3125,38.2,141351,40.36415,-105.32409,0,,,0,9999,9999,9999,3047.6952,0,519,WACM,0
154,'Crystal_1',0,38.4375,-107.5625,31.5,141228,38.51049,-107.62357,0,,,0,9999,9999,9999,3047.6952,0,6159,WACM,0
155,'JSEastwoodPS',0,37.1875,-119.3125,199,139360,37.190467,-119.186241,0,,,0,9999,9999,9999,3047.6952,0,104,CISC,0
156,'NorthFork_OR1',0,45.3125,-122.3125,40.8,138836,45.24414,-122.28109,0,,,0,9999,9999,9999,3047.6952,0,3047,PGE,0
157,'Narrows2',0,39.3125,-121.1875,55,136628,39.39596,-121.14673,0,,,0,9999,9999,9999,3047.6952,0,455,CIPV,0
158,'Pardee_1',0,38.1875,-120.9375,29.99,135195,38.25267,-120.8476,0,,,0,9999,9999,9999,3047.6952,0,376,CIPV,0
159,'Lemolo_2_1',0,43.3125,-122.4375,38.5,130678,43.299582,-122.357851,0,,,0,9999,9999,9999,3047.6952,0,6421,PACW,0
160,'Butt_Valley_1',0,40.0625,-121.1875,41,130521,40.16965,-121.20773,0,,,0,9999,9999,9999,3047.6952,0,221,CIPV,0
161,'Caribou1-1',0,40.0625,-121.1875,72,129432,40.09121,-121.14532,0,,,0,9999,9999,9999,3047.6952,0,222,CIPV,0
162,'C_J_Strike_1',0,42.9375,-115.9375,27.6,127683,42.94832,-115.97505,0,,,0,9999,9999,9999,3047.6952,0,812,IPTV,0
163,'BlackEagle1',0,47.4375,-111.3125,24,126266,47.52116,-111.26127,0,,,0,9999,9999,9999,3047.6952,0,2181,NWMT,0
164,'Swan_Falls_1',0,43.1875,-116.4375,25,119852,43.24347,-116.37901,0,,,0,9999,9999,9999,3047.6952,0,819,IPTV,0
165,'Sullivan_1',0,45.3125,-122.3125,15.4,119683,45.27476,-122.27175,0,,,0,9999,9999,9999,3047.6952,0,3053,PGE,0
166,'Hauser_HAU1',0,46.8125,-111.9375,17,119241,46.76501,-111.88734,0,,,0,9999,9999,9999,3047.6952,0,2185,NWMT,0
167,'Faraday_1',0,45.3125,-122.4375,36.6,118177,45.2679,-122.319,0,,,0,9999,9999,9999,3047.6952,0,3045,PGE,0
168,'Dutch_Flat_2_3P',0,39.3125,-120.9375,26,115284,39.20604,-120.84716,0,,,0,9999,9999,9999,3047.6952,0,413,CIPV,0
169,'Loon_Lake_H1',0,39.0625,-120.4375,82,114790,38.98479,-120.32784,0,,,0,9999,9999,9999,3047.6952,0,432,BANC,0
170,'Turnbull1',0,47.5625,-112.1875,13,114192,47.622694,-112.067889,0,,,0,9999,9999,9999,3047.6952,0,57690,NWMT,0
171,'MiddleGorge1',0,37.4375,-118.5625,37.5,112770,37.46822,-118.56252,0,,,0,9999,9999,9999,3047.6952,0,401,LDWP,0
172,'Seminoe_1',0,42.1875,-106.9375,51.6,110022,42.16769,-106.91149,0,,,0,9999,9999,9999,3047.6952,0,4182,WACM,0
173,'ControlGorge1',0,37.4375,-118.5625,37.5,107773,37.43818,-118.5564,0,,,0,9999,9999,9999,3047.6952,0,393,LDWP,0
174,'UpperGorge1',0,37.4375,-118.5625,37.5,106595,37.54605,-118.58998,0,,,0,9999,9999,9999,3047.6952,0,407,LDWP,0
175,'HillsCreek1',0,43.6875,-122.4375,30,102172,43.71068,-122.42385,0,,,0,9999,9999,9999,3047.6952,0,3081,BPAT,0
176,'SanFrancisq2_1',0,34.4375,-118.4375,42,101544,34.50382,-118.39252,0,,,0,9999,9999,9999,3047.6952,0,6480,LDWP,0
177,'Monroe_Street_6',0,47.6875,-117.4375,14.8,101518,47.6617,-117.42544,0,,,0,9999,9999,9999,3047.6952,0,9095,AVA,0
178,'El_Dorado_1',0,38.8125,-120.6875,21,99676,38.7935,-120.619,0,,,0,9999,9999,9999,3047.6952,0,238,CIPV,0
179,'Lemolo1-1',0,43.3125,-122.3125,31.99,99580,43.32254,-122.19441,0,,,0,9999,9999,9999,3047.6952,0,3029,PACW,0
180,'Gem_State_1',0,43.4375,-112.0625,22.6,98391,43.42085,-112.10203,0,,,0,9999,9999,9999,3047.6952,0,790,PAID,0
181,'Dutch_Flat_1',0,39.3125,-120.9375,22,97548,39.18986,-120.85918,0,,,0,9999,9999,9999,3047.6952,0,237,CIPV,0
182,'Cutler_1',0,41.8125,-111.9375,30,97478,41.83653,-112.04818,0,,,0,9999,9999,9999,3047.6952,0,3646,PAUT,0
183,'Upper_Salmon1',0,42.8125,-114.9375,18,97208,42.77111,-114.89472,0,,,0,9999,9999,9999,3047.6952,0,822,IPMV,0
184,'AndersonRanch1',0,43.4375,-115.5625,40,96904,43.35714,-115.45239,0,,,0,9999,9999,9999,3047.6952,0,6395,IPTV,0
185,'Electron_1',0,46.9375,-121.9375,22.8,96723,46.90608,-122.03953,0,,,0,9999,9999,9999,3047.6952,0,3854,PSEI,0
186,'Kortes_1',0,42.1875,-106.9375,36,96441,42.17634,-106.87949,0,,,0,9999,9999,9999,3047.6952,0,4180,WACM,0
187,'IID_Drop_4_1',0,32.8125,-115.4375,19.6,95594,32.78751,-115.32602,0,,,0,9999,9999,9999,3047.6952,0,387,IID,0
188,'MuckValley',0,40.9375,-121.1875,32.5,95547,41.01502,-121.15497,0,,,0,9999,9999,9999,3047.6952,0,10458,CIPV,0
189,'Upper_Salmon3',0,42.8125,-114.9375,16.5,93658,42.77167,-114.9075,0,,,0,9999,9999,9999,3047.6952,0,7079,IPMV,0
190,'KernRiver3_1',0,35.6875,-118.4375,36.8,93472,35.77561,-118.43588,0,,,0,9999,9999,9999,3047.6952,0,339,CIPV,0
191,'AGWishon1',0,37.0625,-119.5625,22.8,93426,37.15101,-119.50472,0,,,0,9999,9999,9999,3047.6952,0,293,CIPV,0
192,'Alcova1',0,42.5625,-106.6875,41.4,90728,42.5636,-106.70956,0,,,0,9999,9999,9999,3047.6952,0,6409,WACM,0
193,'Tulloch_1',0,37.8125,-120.6875,19.7,88828,37.87526,-120.6035,0,,,0,9999,9999,9999,3047.6952,0,416,CIPV,0
194,'Nimbus_1',0,38.5625,-121.3125,17.26,87850,38.63624,-121.21981,0,,,0,9999,9999,9999,3047.6952,0,444,CIPV,0
195,'Shoshone_A',0,39.5625,-107.3125,14.4,86931,39.57,-107.22702,0,,,0,9999,9999,9999,3047.6952,0,476,PSCO,0
196,'Post_Falls_1',0,47.6875,-117.0625,14.5,86642,47.74472,-116.94549,0,,,0,9999,9999,9999,3047.6952,0,835,AVA,0
197,'Balch1-1',0,36.8125,-119.1875,34,85992,36.92559,-119.09651,0,,,0,9999,9999,9999,3047.6952,0,217,CIPV,0
198,'KernRiver1_1',0,35.4375,-118.9375,25.6,85388,35.45129,-119.03868,0,,,0,9999,9999,9999,3047.6952,0,340,CIPV,0
199,'Leaburg_1',0,44.0625,-122.8125,13.5,85066,44.10109,-122.68901,0,,,0,9999,9999,9999,3047.6952,0,3068,BPAT,0
200,'Sand_Bar',0,38.1875,-120.1875,18.6,83869,38.18314,-120.15873,0,,,0,9999,9999,9999,3047.6952,0,50400,CIPV,0
201,'Haypress_LGEN',0,39.6875,-120.5625,18.76,83182,39.56569,-120.59691,0,,,0,9999,9999,9999,3047.6952,0,10253,CIPV,0
202,'Roosevelt',0,33.6875,-111.1875,36.02,82735,33.67389,-111.1568,0,,,0,9999,9999,9999,3047.6952,0,149,SRP,0
203,'De_Sabla_1',0,39.8125,-121.6875,18.5,82294,39.93371,-121.61187,0,,,0,9999,9999,9999,3047.6952,0,232,CIPV,0
204,'Smith_Falls1',0,48.9375,-116.5625,38.1,81056,48.92988,-116.65634,0,,,0,9999,9999,9999,3047.6952,0,54249,BPAT,0
205,'Minidoka_6',0,42.6875,-113.4375,27.7,80902,42.67039,-113.48217,0,,,0,9999,9999,9999,3047.6952,0,6398,IPMV,0
206,'Etiwanda_Hydro',0,34.1875,-117.4375,24,80825,34.09111,-117.52833,0,,,0,9999,9999,9999,3047.6952,0,745,CISC,0
207,'Cougar_1',0,44.1875,-122.3125,28,79994,44.12872,-122.24091,0,,,0,9999,9999,9999,3047.6952,0,3076,BPAT,0
208,'Wise1',0,38.8125,-121.0625,17.7,78482,38.88981,-121.09836,0,,,0,9999,9999,9999,3047.6952,0,292,CIPV,0
209,'LakeHodges1',0,33.0625,-117.1875,40,77643,33.063203,-117.11975,0,,,0,9999,9999,9999,3047.6952,0,57729,CISD,0
210,'NineMile2Exp',0,47.8125,-117.5625,29.1,77144,47.77495,-117.54379,0,,,0,9999,9999,9999,3047.6952,0,3869,AVA,0
211,'McNaryFishway',0,45.9375,-119.3125,10,76874,45.935591,-119.351077,0,,,0,9999,9999,9999,3047.6952,0,7511,BPAT,0
212,'River_Mill_1',0,45.3125,-122.4375,18.8,76517,45.29978,-122.35026,0,,,0,9999,9999,9999,3047.6952,0,3049,PGE,0
213,'WarmSpringsPwr',0,44.6875,-121.1875,19.6,76320,44.67528,-121.291676,0,,,0,9999,9999,9999,3047.6952,0,54721,PACW,0
214,'Alamo_1',0,34.4375,-118.6875,18,75755,34.49153,-118.61946,0,,,0,9999,9999,9999,3047.6952,0,905,CISC,0
215,'Monticello_1',0,38.4375,-122.0625,12.49,75651,38.51388,-122.104,0,,,0,9999,9999,9999,3047.6952,0,7646,CIPV,0
216,'RioBravo_Hydro1',0,35.3125,-119.1875,18.4,74600,35.39806,-119.29,0,,,0,9999,9999,9999,3047.6952,0,50037,CIPV,0
217,'Coleman_1',0,40.3125,-122.1875,13,74449,40.39371,-122.12996,0,,,0,9999,9999,9999,3047.6952,0,227,CIPV,0
218,'Mojave_Siphon_1',0,34.4375,-117.3125,34.5,74007,34.39103,-117.33547,0,,,0,9999,9999,9999,3047.6952,0,7072,CISC,0
219,'Foster_1',0,44.4375,-122.6875,20,72652,44.41506,-122.67028,0,,,0,9999,9999,9999,3047.6952,0,6552,BPAT,0
220,'Packwood',0,46.5625,-121.6875,27.5,71549,46.59575,-121.56946,0,,,0,9999,9999,9999,3047.6952,0,3929,BPAT,0
221,'Upper_Falls_1',0,47.6875,-117.4375,10,71315,47.66307,-117.41506,0,,,0,9999,9999,9999,3047.6952,0,9096,AVA,0
222,'Sly_Creek_1',0,39.5625,-121.0625,13,70965,39.58609,-121.04032,0,,,0,9999,9999,9999,3047.6952,0,776,CIPV,0
223,'FremontCanyon1',0,42.4375,-106.8125,66.8,70562,42.49585,-106.8279,0,,,0,9999,9999,9999,3047.6952,0,4176,WACM,0
224,'Mormon_Flat_MF1',0,33.5625,-111.4375,65.05,67576,33.55053,-111.43774,0,,,0,9999,9999,9999,3047.6952,0,148,SRP,0
225,'Yelm_1',0,46.9375,-122.5625,12,67223,46.89956,-122.50412,0,,,0,9999,9999,9999,3047.6952,0,3878,BPAT,0
226,'Headgate_Rock_1',0,34.1875,-114.1875,19.5,66573,34.16907,-114.2776,0,,,0,9999,9999,9999,3047.6952,0,7179,WALC,0
227,'Madison_MAD1',0,45.5625,-111.5625,8.8,65796,45.47001,-111.63837,0,,,0,9999,9999,9999,3047.6952,0,6422,NWMT,0
228,'Navajo_Dam_1',0,36.8125,-107.6875,30,65092,36.80563,-107.61386,0,,,0,9999,9999,9999,3047.6952,0,584,WALC,0
229,'PHP1-1',0,45.5625,-122.1875,23.7,64598,45.48175,-122.08286,0,,,0,9999,9999,9999,3047.6952,0,4213,PGE,0
230,'Forks_Butte1',0,39.8125,-121.6875,14.3,63610,39.86665,-121.61664,0,,,0,9999,9999,9999,3047.6952,0,50350,CIPV,0
231,'Rock_Creek_I1',0,42.6875,-114.5625,20.5,63256,42.59613,-114.463285,0,,,0,9999,9999,9999,3047.6952,0,50987,IPMV,0
232,'WestPoint_1',0,38.4375,-120.5625,14,63112,38.42093,-120.54964,0,,,0,9999,9999,9999,3047.6952,0,291,CIPV,0
233,'Estes_1',0,40.4375,-105.4375,45,62526,40.37545,-105.48745,0,,,0,9999,9999,9999,3047.6952,0,513,WACM,0
234,'Grace_3',0,42.5625,-111.8125,33,62043,42.58734,-111.72811,0,,,0,9999,9999,9999,3047.6952,0,827,PAID,0
235,'Halsey_1',0,38.9375,-121.0625,13.5,59859,38.96658,-121.05959,0,,,0,9999,9999,9999,3047.6952,0,241,CIPV,0
236,'Big_Cliff_1',0,44.6875,-122.3125,18,59734,44.733751,-122.313998,0,,,0,9999,9999,9999,3047.6952,0,3074,BPAT,0
237,'BlackCanyon1',0,43.8125,-116.5625,12,59240,43.93055,-116.43794,0,,,0,9999,9999,9999,3047.6952,0,6396,IPTV,0
238,'Tesla_1',0,38.9375,-104.8125,27.6,57855,38.95857,-104.83304,0,,,0,9999,9999,9999,3047.6952,0,7233,WACM,0
239,'Glendo_1',0,42.4375,-104.9375,38,56944,42.4686,-104.95836,0,,,0,9999,9999,9999,3047.6952,0,4177,WACM,0
240,'Boysen1',0,43.4375,-108.1875,15,54968,43.35933,-108.28112,0,,,0,9999,9999,9999,3047.6952,0,505,WACM,0
241,'Twin_Falls_1',0,42.5625,-114.4375,52.73,54446,42.5891,-114.355,0,,,0,9999,9999,9999,3047.6952,0,821,IPMV,0
242,'Newcastle_1',0,38.8125,-121.0625,12,53208,38.86216,-121.12543,0,,,0,9999,9999,9999,3047.6952,0,632,CIPV,0
243,'Buffalo_Bill_1',0,44.5625,-109.0625,18,52569,44.51031,-109.15571,0,,,0,9999,9999,9999,3047.6952,0,7317,WACM,0
244,'Volta1-1',0,40.4375,-121.9375,9.1,52114,40.45991,-121.86589,0,,,0,9999,9999,9999,3047.6952,0,290,CIPV,0
245,'Beardsley_1',0,38.1875,-120.1875,11.5,51853,38.20331,-120.07609,0,,,0,9999,9999,9999,3047.6952,0,414,CIPV,0
246,'Snoqualmie1-1Repower',0,47.5625,-121.9375,13.9,51530,47.54155,-121.83759,0,,,0,9999,9999,9999,3047.6952,0,3860,PSEI,0
247,'Robbs_Peak_1',0,38.8125,-120.4375,24.3,51525,38.89694,-120.37824,0,,,0,9999,9999,9999,3047.6952,0,433,BANC,0
248,'Upriver_Dam1',0,47.6875,-117.4375,17.7,51091,47.681628,-117.329886,0,,,0,9999,9999,9999,3047.6952,0,50380,AVA,0
249,'Fish_Creek_1',0,43.3125,-122.4375,11,51021,43.21074,-122.42671,0,,,0,9999,9999,9999,3047.6952,0,3026,PACW,0
250,'Fontenelle_1',0,42.0625,-110.1875,10,50064,42.02736,-110.06461,0,,,0,9999,9999,9999,3047.6952,0,4185,WACM,0
251,'Broadwater',0,46.1875,-111.4375,10,49581,46.151664,-111.458944,0,,,0,9999,9999,9999,3047.6952,0,54006,NWMT,0
252,'Twin_Falls1',0,47.5625,-121.8125,24,48444,47.44412,-121.68761,0,,,0,9999,9999,9999,3047.6952,0,50827,PSEI,0
253,'Rush_Creek_1',0,37.6875,-119.0625,11.5,48399,37.78439,-119.16435,0,,,0,9999,9999,9999,3047.6952,0,357,CISC,0
254,'French_Meadows',0,39.0625,-120.4375,18.5,48347,39.07751,-120.40594,0,,,0,9999,9999,9999,3047.6952,0,424,CIPV,0
255,'Kern_Canyon_1',0,35.1875,-118.9375,11.5,46625,35.29441,-118.90517,0,,,0,9999,9999,9999,3047.6952,0,7911,CIPV,0
256,'Dexter_1',0,43.9375,-122.8125,15,46621,43.92372,-122.80555,0,,,0,9999,9999,9999,3047.6952,0,3078,BPAT,0
257,'IsabellaHydroGEN1',0,35.5625,-118.5625,11.8,46362,35.64447,-118.47652,0,,,0,9999,9999,9999,3047.6952,0,10139,CISC,0
258,'Green_Springs',0,42.1875,-122.4375,17.2,46351,42.12931,-122.47874,0,,,0,9999,9999,9999,3047.6952,0,6403,BPAT,0
259,'Borel1',0,35.5625,-118.5625,11,46293,35.62007,-118.44666,0,,,0,9999,9999,9999,3047.6952,0,328,CISC,0
260,'Poole_1',0,37.9375,-119.1875,10.9,45874,37.95653,-119.23618,0,,,0,9999,9999,9999,3047.6952,0,353,CISC,0
261,'Inskip_1',0,40.4375,-122.0625,8,45815,40.40117,-121.96371,0,,,0,9999,9999,9999,3047.6952,0,248,CIPV,0
262,'Lower_Malad_1',0,42.8125,-114.9375,13.5,45464,42.81151,-114.87683,0,,,0,9999,9999,9999,3047.6952,0,815,IPMV,0
263,'San_Dimas_1',0,34.1875,-117.9375,9.9,45374,34.10971,-117.81275,0,,,0,9999,9999,9999,3047.6952,0,6646,CISC,0
264,'Camanche_1',0,38.1875,-120.9375,9.99,45036,38.22353,-121.02382,0,,,0,9999,9999,9999,3047.6952,0,537,CIPV,0
265,'SouthForkTolt',0,47.4375,-121.4375,16.8,44789,47.42969,-121.5443,0,,,0,9999,9999,9999,3047.6952,0,622,SCL,0
266,'Clearwater2',0,43.3125,-122.4375,26,43988,43.292433,-122.42741,0,,,0,9999,9999,9999,3047.6952,0,3021,PACW,0
267,'Kerckhoff_H1',0,37.0625,-119.5625,38.6,43890,37.09242,-119.55298,0,,,0,9999,9999,9999,3047.6952,0,250,CIPV,0
268,'IID_Drop_2_1',0,32.8125,-115.4375,10,43518,32.78751,-115.32602,0,,,0,9999,9999,9999,3047.6952,0,385,IID,0
269,'Clearwater1',0,43.3125,-122.4375,15,43176,43.25108,-122.33789,0,,,0,9999,9999,9999,3047.6952,0,3020,PACW,0
270,'IID_Drop_3_1',0,32.8125,-115.4375,9.8,42637,32.78751,-115.32602,0,,,0,9999,9999,9999,3047.6952,0,386,IID,0
271,'Mystic_MYS1',0,45.3125,-109.6875,10,42622,45.24342,-109.73235,0,,,0,9999,9999,9999,3047.6952,0,2192,NWMT,0
272,'Roza_1',0,46.6875,-120.4375,12.9,41429,46.74911,-120.46564,0,,,0,9999,9999,9999,3047.6952,0,6407,BPAT,0
273,'Potter_Valley_1',0,39.4375,-123.1875,10.1,41410,39.36385,-123.12889,0,,,0,9999,9999,9999,3047.6952,0,274,CIPV,0
274,'SepulvedaCanyon',0,33.9375,-118.4375,9,41253,34.03294,-118.46057,0,,,0,9999,9999,9999,3047.6952,0,316,LDWP,0
275,'FoothillFeeder1',0,34.4375,-118.5625,9,41246,34.54384,-118.559139,0,,,0,9999,9999,9999,3047.6952,0,6645,LDWP,0
276,'Waddell-PS1',0,33.8125,-112.3125,30.4,40864,33.84692,-112.26637,0,,,0,9999,9999,9999,3047.6952,0,7164,WALC,0
277,'South_1',0,40.4375,-121.9375,7.1,40661,40.40241,-121.87566,0,,,0,9999,9999,9999,3047.6952,0,280,CIPV,0
278,'Abiquiu1',0,36.1875,-106.3125,16.8,39956,36.20969,-106.41618,0,,,0,9999,9999,9999,3047.6952,0,7789,PNM,0
279,'PHP_2_2',0,45.5625,-122.1875,11.8,39739,45.44458,-122.15411,0,,,0,9999,9999,9999,3047.6952,0,4214,PGE,0
280,'Oneida_1',0,42.3125,-111.6875,30,38892,42.27575,-111.74954,0,,,0,9999,9999,9999,3047.6952,0,829,PAID,0
281,'Portal',0,37.4375,-119.1875,10.8,38122,37.32688,-119.13688,0,,,0,9999,9999,9999,3047.6952,0,354,CISC,0
282,'Cascade_ID_1',0,44.3125,-115.6875,12.4,37584,44.42321,-115.717,0,,,0,9999,9999,9999,3047.6952,0,813,IPTV,0
283,'Foothill_LA',0,34.3125,-118.3125,11,37045,34.35216,-118.28892,0,,,0,9999,9999,9999,3047.6952,0,396,LDWP,0
284,'Kelly_Ridge_1',0,39.5625,-121.5625,11,37045,39.53287,-121.48555,0,,,0,9999,9999,9999,3047.6952,0,418,CIPV,0
285,'Cedar_Falls_5',0,47.4375,-121.6875,30,36432,47.41336,-121.7533,0,,,0,9999,9999,9999,3047.6952,0,6430,SCL,0
286,'Milner_Hydro_1',0,42.5625,-113.9375,118.07,35683,42.52531,-114.00976,0,,,0,9999,9999,9999,3047.6952,0,7190,IPMV,0
287,'BriggsCreek1',0,42.6875,-114.5625,10.56,35502,42.708373,-114.455546,0,,,0,9999,9999,9999,3047.6952,0,-1,CIPV,0
288,'MillCreek_OR',0,45.1875,-121.1875,10.5,35361,45.217268,-121.287014,0,,,0,9999,9999,9999,3047.6952,0,-1,CIPV,0
289,'Rollins',0,39.0625,-120.9375,13.5,35280,39.13529,-120.95593,0,,,0,9999,9999,9999,3047.6952,0,34,CIPV,0
290,'MainCanal',0,47.5625,-119.1875,26.8,34535,47.61635,-119.29837,0,,,0,9999,9999,9999,3047.6952,0,56698,TPWR,0
291,'Venice_1',0,33.9375,-118.4375,10.14,34149,34.00074,-118.37841,0,,,0,9999,9999,9999,3047.6952,0,72,CISC,0
292,'Spaulding1-1',0,39.3125,-120.6875,7.67,34009,39.31821,-120.68045,0,,,0,9999,9999,9999,3047.6952,0,281,CIPV,0
293,'Spaulding_2_1',0,39.3125,-120.6875,7.67,34009,39.3414,-120.66662,0,,,0,9999,9999,9999,3047.6952,0,282,CIPV,0
294,'StewartMountain',0,33.5625,-111.4375,10.4,33569,33.5651,-111.53662,0,,,0,9999,9999,9999,3047.6952,0,150,SRP,0
295,'BishopCreek3-1',0,37.4375,-118.5625,7.95,33458,37.32345,-118.54238,0,,,0,9999,9999,9999,3047.6952,0,324,CISC,0
296,'BishopCreek4-1',0,37.4375,-118.5625,7.94,33414,37.3502,-118.52259,0,,,0,9999,9999,9999,3047.6952,0,325,CISC,0
297,'Stone_Creek_1',0,45.0625,-121.9375,12,33302,45.10647,-121.81756,0,,,0,9999,9999,9999,3047.6952,0,7508,PGE,0
298,'Chili_Bar_1',0,38.8125,-120.9375,7,33225,38.7715,-120.8128,0,,,0,9999,9999,9999,3047.6952,0,225,CIPV,0
299,'Olsen_GEN1',0,40.8125,-122.3125,5.8,33215,40.73512,-122.1944,0,,,0,9999,9999,9999,3047.6952,0,50180,CIPV,0
300,'BishopCreek2-1',0,37.1875,-118.6875,7.73,32531,37.29481,-118.58884,0,,,0,9999,9999,9999,3047.6952,0,323,CISC,0
301,'Koma_Kulshan',0,48.5625,-121.8125,12,31967,48.685,-121.8066,0,,,0,9999,9999,9999,3047.6952,0,54267,PSEI,0
302,'Spring_Gap_1',0,38.1875,-120.1875,7,31563,38.18662,-120.11243,0,,,0,9999,9999,9999,3047.6952,0,284,CIPV,0
303,'Walterville_1',0,44.0625,-122.9375,8,31150,44.06904,-122.81521,0,,,0,9999,9999,9999,3047.6952,0,3071,BPAT,0
304,'DeerCreek(CA)_1',0,39.3125,-120.9375,7,31038,39.29833,-120.84306,0,,,0,9999,9999,9999,3047.6952,0,233,CIPV,0
305,'Bypass_GEN1',0,42.5625,-113.9375,9.96,30735,42.561969,-114.052401,0,,,0,9999,9999,9999,3047.6952,0,50895,IPMV,0
306,San_Fer9999do_1',0,34.1875,-118.4375,5.6,29958,34.28188,-118.44074,0,,,0,9999,9999,9999,3047.6952,0,403,LDWP,0
307,'HorseshoBendHY1',0,43.9375,-116.1875,9.5,29312,43.90851,-116.19089,0,,,0,9999,9999,9999,3047.6952,0,54524,IPTV,0
308,'Chandler_1',0,46.3125,-119.4375,12,29226,46.28139,-119.49797,0,,,0,9999,9999,9999,3047.6952,0,6406,BPAT,0
309,'Spaulding_3_1',0,39.3125,-120.6875,6.5,28821,39.32456,-120.64368,0,,,0,9999,9999,9999,3047.6952,0,283,CIPV,0
310,'Tule_River1',0,36.0625,-118.8125,8.4,28288,36.0608,-118.91991,0,,,0,9999,9999,9999,3047.6952,0,289,CIPV,0
311,'FallsRiver_ID1',0,44.0625,-111.4375,9.1,28076,44.064827,-111.355137,0,,,0,9999,9999,9999,3047.6952,0,54668,IPFE,0
312,'Prospect3',0,42.6875,-122.4375,7.2,28038,42.70538,-122.37225,0,,,0,9999,9999,9999,3047.6952,0,3034,PACW,0
313,'MagicDam1',0,43.1875,-114.3125,9,27774,43.190674,-114.324152,0,,,0,9999,9999,9999,3047.6952,0,10740,IPMV,0
314,'Bowman_GEN1',0,39.3125,-120.6875,6.25,27712,39.29384,-120.60226,0,,,0,9999,9999,9999,3047.6952,0,50546,CIPV,0
315,'Tunnel',0,43.5625,-117.3125,7,27258,43.651655,-117.245276,0,,,0,9999,9999,9999,3047.6952,0,50362,IPTV,0
316,'Grizzly_NA1',0,39.8125,-121.4375,20,27186,39.9029,-121.34282,0,,,0,9999,9999,9999,3047.6952,0,7338,CIPV,0
317,'ThousandSpring1',0,42.8125,-114.9375,8.8,27156,42.74202,-114.83994,0,,,0,9999,9999,9999,3047.6952,0,820,IPMV,0
318,'Upper_Molina_1',0,39.1875,-107.9375,8.64,27069,39.10345,-107.90037,0,,,0,9999,9999,9999,3047.6952,0,521,WALC,0
319,'Perris_1',0,33.8125,-117.1875,7.94,26740,33.83593,-117.18289,0,,,0,9999,9999,9999,3047.6952,0,481,CISC,0
320,'Oxbow_(CA)_1',0,38.9375,-120.8125,6,26604,39.02959,-120.75039,0,,,0,9999,9999,9999,3047.6952,0,426,CIPV,0
321,'Gross_Hydro',0,40.0625,-105.3125,7.8,26268,39.9478,-105.358,0,,,0,9999,9999,9999,3047.6952,0,10424,PSCO,0
322,'Centerville1',0,39.8125,-121.6875,5.9,26245,39.87183,-121.61194,0,,,0,9999,9999,9999,3047.6952,0,224,CIPV,0
323,'BlackButte',0,39.9375,-122.3125,6.2,26132,39.81479,-122.33019,0,,,0,9999,9999,9999,3047.6952,0,7229,CIPV,0
324,'WilsonLake1',0,42.5625,-114.1875,8.4,25920,42.59095,-114.171249,0,,,0,9999,9999,9999,3047.6952,0,54306,IPMV,0
325,'LowLineMdwy2SoForks2',0,43.5625,-115.1875,8,25814,43.528095,-115.063079,0,,,0,9999,9999,9999,3047.6952,0,10296,IPMV,0
326,'Haiwee_1',0,36.0625,-118.0625,5.6,25686,36.14671,-117.97757,0,,,0,9999,9999,9999,3047.6952,0,398,LDWP,0
327,'Upper_Malad_1',0,42.8125,-114.9375,8.27,25520,42.8655,-114.86891,0,,,0,9999,9999,9999,3047.6952,0,823,IPMV,0
328,'Marys_Lake_1',0,40.4375,-105.4375,8.1,25376,40.34418,-105.53425,0,,,0,9999,9999,9999,3047.6952,0,517,WACM,0
329,'DallesDamNorthFshwy',0,45.5625,-121.1875,6.5,25311,45.6137,-121.13367,0,,,0,9999,9999,9999,3047.6952,0,7431,BPAT,0
330,'YoungsCreek',0,47.8125,-121.9375,7.5,25258,47.791609,-121.821662,0,,,0,9999,9999,9999,3047.6952,0,57763,BPAT,0
331,'Tiber_Dam',0,48.3125,-111.0625,7.5,25258,48.3181,-111.103,0,,,0,9999,9999,9999,3047.6952,0,56499,WAUW,0
332,'GreenMountain1',0,39.9375,-106.3125,26,24998,39.8783,-106.3319,0,,,0,9999,9999,9999,3047.6952,0,516,WACM,0
333,'S_E_Hazelton1',0,42.5625,-114.1875,8.1,24993,42.58822,-114.070169,0,,,0,9999,9999,9999,3047.6952,0,50896,IPMV,0
334,'HatCreek2',0,40.9375,-121.5625,8.5,24989,40.94992,-121.54238,0,,,0,9999,9999,9999,3047.6952,0,244,CIPV,0
335,'HatCreek1',0,40.9375,-121.5625,8.5,24989,40.94167,-121.55021,0,,,0,9999,9999,9999,3047.6952,0,243,CIPV,0
336,'IID_Drop1-1',0,32.8125,-115.4375,5.7,24765,32.78751,-115.32602,0,,,0,9999,9999,9999,3047.6952,0,585,IID,0
337,'LowerNo12',0,43.5625,-112.0625,8,24684,43.47167,-112.06,0,,,0,9999,9999,9999,3047.6952,0,7012,BPAT,0
338,'UpperPwr4',0,43.5625,-112.0625,8,24684,43.55531,-112.04548,0,,,0,9999,9999,9999,3047.6952,0,844,BPAT,0
339,'Kekawaka',0,40.0625,-123.5625,6,24600,40.0945,-123.55834,0,,,0,9999,9999,9999,3047.6952,0,54654,CIPV,0
340,'LowLineRapids',0,42.5625,-114.4375,7.97,24592,42.529307,-114.365939,0,,,0,9999,9999,9999,3047.6952,0,10808,IPMV,0
341,'Frankenheimer',0,37.8125,-120.6875,8.75,24519,37.83041,-120.80696,0,,,0,9999,9999,9999,3047.6952,0,50219,CIPV,0
342,'NorthHollywood1-1',0,34.1875,-118.3125,5.4,24402,34.193948,-118.39021,0,,,0,9999,9999,9999,3047.6952,0,57854,LDWP,0
343,'Jones_Fork',0,38.8125,-120.4375,11.5,24384,38.85023,-120.3818,0,,,0,9999,9999,9999,3047.6952,0,534,BANC,0
344,'Hazelton_B1',0,42.5625,-114.1875,7.6,23452,42.596396,-114.097116,0,,,0,9999,9999,9999,3047.6952,0,54558,IPMV,0
345,'Yorba_Linda',0,33.8125,-117.9375,5.1,23375,33.91249,-117.82019,0,,,0,9999,9999,9999,3047.6952,0,6647,CISC,0
346,'Whiskeytown_1',0,40.4375,-122.3125,3.5,23373,40.55205,-122.40766,0,,,0,9999,9999,9999,3047.6952,0,7189,BANC,0
347,'SanGabrielHydroU1',0,34.0625,-118.1875,5,22921,34.09612,-118.10761,0,,,0,9999,9999,9999,3047.6952,0,54017,LDWP,0
348,'LakeMathews',0,33.9375,-117.5625,4.9,22475,33.85479,-117.4539,0,,,0,9999,9999,9999,3047.6952,0,6644,CISC,0
349,'Wynoochee',0,47.0625,-123.6875,12.8,22317,47.14559,-123.78185,0,,,0,9999,9999,9999,3047.6952,0,7127,TPWR,0
350,'PEC_Headworks_1',0,46.9375,-119.3125,6.6,22007,46.98273,-119.25843,0,,,0,9999,9999,9999,3047.6952,0,7113,GCPD,0
351,'Kaweah3-1',0,36.5625,-118.6875,4.76,21816,36.56995,-118.68252,0,,,0,9999,9999,9999,3047.6952,0,338,CISC,0
352,'El_Vado_Dam_1',0,36.5625,-106.6875,8.8,21677,36.59645,-106.72731,0,,,0,9999,9999,9999,3047.6952,0,7593,PNM,0
353,'Siphon1',0,44.0625,-121.3125,5.4,21028,44.034944,-121.318837,0,,,0,9999,9999,9999,3047.6952,0,50980,PACW,0
354,'Guernsey_1',0,42.1875,-104.6875,6.4,20374,42.28742,-104.74222,0,,,0,9999,9999,9999,3047.6952,0,4178,WACM,0
355,'BishopCreek5-1',0,37.4375,-118.5625,4.77,20074,37.35312,-118.46796,0,,,0,9999,9999,9999,3047.6952,0,326,CISC,0
356,'FeltHydro1',0,43.9375,-111.3125,6.5,20057,43.88107,-111.189805,0,,,0,9999,9999,9999,3047.6952,0,10028,IPFE,0
357,'Red_Mountain_1',0,33.3125,-117.3125,5.9,19870,33.39449,-117.18902,0,,,0,9999,9999,9999,3047.6952,0,484,CISC,0
358,'OwyheeDam',0,43.5625,-117.3125,5,19468,43.651655,-117.245276,0,,,0,9999,9999,9999,3047.6952,0,50361,IPTV,0
359,'Hatchet_Creek',0,40.9375,-121.9375,6.8,19447,40.8775,-121.86528,0,,,0,9999,9999,9999,3047.6952,0,10882,CIPV,0
360,'Slate_Creek',0,40.8125,-122.3125,4.2,19205,40.73512,-122.1944,0,,,0,9999,9999,9999,3047.6952,0,50961,PACW,0
361,'ManitouSprings1',0,38.8125,-105.0625,6,18804,38.8767,-104.993,0,,,0,9999,9999,9999,3047.6952,0,494,WACM,0
362,'Valley_View_1',0,33.8125,-117.9375,4.1,18779,33.90007,-117.82905,0,,,0,9999,9999,9999,3047.6952,0,487,CISC,0
363,'Kilarc_1',0,40.6875,-121.9375,3.2,18324,40.6773,-121.87244,0,,,0,9999,9999,9999,3047.6952,0,253,CIPV,0
364,'Vallecito1',0,37.3125,-107.6875,5.8,18175,37.38337,-107.5662,0,,,0,9999,9999,9999,3047.6952,0,50206,PSCO,0
365,'NewHogan1',0,38.1875,-120.9375,4,18032,38.14961,-120.81497,0,,,0,9999,9999,9999,3047.6952,0,50755,CIPV,0
366,'EchoDam1',0,40.9375,-111.4375,4.5,17838,40.96562,-111.43091,0,,,0,9999,9999,9999,3047.6952,0,4263,PAUT,0
367,'TietonDamHydroUNIT1',0,46.6875,-121.0625,13.8,17780,46.658833,-121.129946,0,,,0,9999,9999,9999,3047.6952,0,57496,BPAT,0
368,'IID_Drop_5_1',0,32.8125,-115.6875,4,17380,32.69078,-115.6567,0,,,0,9999,9999,9999,3047.6952,0,314,IID,0
369,'NorthFork_CO',0,39.4375,-105.5625,5.5,17231,39.45802,-105.66393,0,,,0,9999,9999,9999,3047.6952,0,10423,PSCO,0
370,'San_Joaquin_3_3',0,37.1875,-119.5625,4.2,17210,37.25398,-119.51932,0,,,0,9999,9999,9999,3047.6952,0,277,CIPV,0
371,'Spicer_Meadow1',0,38.0625,-120.4375,6.1,17097,38.142527,-120.456833,0,,,0,9999,9999,9999,3047.6952,0,54554,CIPV,0
372,'MillCreek1',0,34.0625,-117.1875,5,16840,34.09083,-117.11889,0,,,0,9999,9999,9999,3047.6952,0,7147,CISC,0
373,'BigCreekWW',0,40.6875,-123.3125,5,16839,40.617121,-123.414244,0,,,0,9999,9999,9999,3047.6952,0,10282,CIPV,0
374,'Hellroaring1',0,48.3125,-114.6875,4.9,16503,48.407618,-114.747188,0,,,0,9999,9999,9999,3047.6952,0,-1,CIPV,0
375,'Interlakes_1',0,52.8125,-113.9375,5,15984,52.766984,-114.023529,0,,,0,9999,9999,9999,3047.6952,0,-1,CIPV,0
376,'HeartMountain',0,44.5625,-109.0625,5,15915,44.51221,-109.12775,0,,,0,9999,9999,9999,3047.6952,0,6408,WACM,0
377,'Ruedi_1',0,39.3125,-106.9375,5,15666,39.36313,-106.81832,0,,,0,9999,9999,9999,3047.6952,0,7458,PSCO,0
378,'Rancho',0,32.9375,-117.1875,4.65,15660,32.936554,-117.113353,0,,,0,9999,9999,9999,3047.6952,0,56615,CISD,0
379,'Santa_Ana1-1',0,34.0625,-117.0625,3.2,14664,34.14535,-117.05924,0,,,0,9999,9999,9999,3047.6952,0,361,CISC,0
380,'Prospect1',0,42.6875,-122.5625,3.76,14641,42.72399,-122.5167,0,,,0,9999,9999,9999,3047.6952,0,3032,PACW,0
381,'BigPine',0,37.1875,-118.3125,3.2,14503,37.13966,-118.32163,0,,,0,9999,9999,9999,3047.6952,0,391,CISC,0
382,'Tacoma_1',0,37.4375,-107.8125,4.6,14414,37.52372,-107.78292,0,,,0,9999,9999,9999,3047.6952,0,6206,PSCO,0
383,'SpiritMountain1',0,44.5625,-109.0625,4.5,14324,44.52222,-109.06967,0,,,0,9999,9999,9999,3047.6952,0,7541,WACM,0
384,'Pleasant_Valley',0,37.4375,-118.5625,3.2,14248,37.4127,-118.51942,0,,,0,9999,9999,9999,3047.6952,0,402,LDWP,0
385,'Santa_Ana_3_1',0,34.0625,-117.1875,3.1,14205,34.09844,-117.10584,0,,,0,9999,9999,9999,3047.6952,0,363,CISC,0
386,'BigThompson',0,40.4375,-105.1875,4.5,14101,40.42122,-105.2202,0,,,0,9999,9999,9999,3047.6952,0,515,WACM,0
387,'FargoDrop',0,43.5625,-115.1875,4.22,14085,43.528095,-115.063079,0,,,0,9999,9999,9999,3047.6952,0,58384,IPTV,0
388,'Woodward',0,37.8125,-120.8125,5,14012,37.86064,-120.879,0,,,0,9999,9999,9999,3047.6952,0,10707,CIPV,0
389,'CoveHydro1',0,40.9375,-121.5625,5,14012,40.97513,-121.51561,0,,,0,9999,9999,9999,3047.6952,0,50218,CIPV,0
390,'Bear_Creek',0,40.4375,-121.8125,5,14011,40.51246,-121.808139,0,,,0,9999,9999,9999,3047.6952,0,50156,CIPV,0
391,'Rock_Creek_LP1',0,38.8125,-120.8125,5,14008,38.78343,-120.77847,0,,,0,9999,9999,9999,3047.6952,0,50892,CIPV,0
392,'StonyGorge1',0,39.6875,-122.4375,5,14008,39.58628,-122.53299,0,,,0,9999,9999,9999,3047.6952,0,7151,CIPV,0
393,'BoxCanyonPACW1',0,48.8125,-117.4375,5,14008,48.779066,-117.417996,0,,,0,9999,9999,9999,3047.6952,0,50179,PACW,0
394,'Dietrich_Drop',0,42.9375,-114.1875,4.5,13886,42.863843,-114.081046,0,,,0,9999,9999,9999,3047.6952,0,10807,IPMV,0
395,'YakamaDrop2',0,32.8125,-115.4375,4.1,13807,32.77325,-115.337324,0,,,0,9999,9999,9999,3047.6952,0,6507,BPAT,0
396,'Kanaka_KAN1',0,39.5625,-121.4375,2.5,13647,39.551281,-121.341008,0,,,0,9999,9999,9999,3047.6952,0,54653,CIPV,0
397,'NewLahontan',0,39.5625,-118.6875,4,13471,39.450783,-118.762968,0,,,0,9999,9999,9999,3047.6952,0,50261,SPPC,0
398,'ShoshnFalls1',0,42.5625,-114.4375,12.5,13394,42.5973,-114.404,0,,,0,9999,9999,9999,3047.6952,0,818,IPMV,0
399,'Soda_1',0,42.5625,-111.8125,14,13316,42.64464,-111.69668,0,,,0,9999,9999,9999,3047.6952,0,831,PAID,0
400,'Narrows1',0,39.1875,-121.3125,12,13296,39.25668,-121.2499,0,,,0,9999,9999,9999,3047.6952,0,262,CIPV,0
401,'MoyieSprings1',0,48.6875,-116.1875,3.9,13135,48.73395,-116.17525,0,,,0,9999,9999,9999,3047.6952,0,6506,BPAT,0
402,'La_Grange_1',0,37.6875,-120.4375,5.2,13131,37.67189,-120.44452,0,,,0,9999,9999,9999,3047.6952,0,440,TIDC,0
403,'San_Joaquin_2_1',0,37.1875,-119.5625,3.2,13112,37.22935,-119.48662,0,,,0,9999,9999,9999,3047.6952,0,276,CIPV,0
404,'Lundy1',0,37.9375,-119.1875,3,13081,38.04867,-119.20484,0,,,0,9999,9999,9999,3047.6952,0,342,CISC,0
405,'MiddleForkIrrD1',0,45.5625,-121.6875,3.3,12851,45.492626,-121.596771,0,,,0,9999,9999,9999,3047.6952,0,50917,BPAT,0
406,'BarberDamGEN1',0,43.5625,-116.0625,4.1,12651,43.56647,-116.116147,0,,,0,9999,9999,9999,3047.6952,0,10735,IPTV,0
407,'WarmSprings',0,38.6875,-122.9375,3.75,12629,38.717855,-122.999496,0,,,0,9999,9999,9999,3047.6952,0,54261,CIPV,0
408,'Murphys_1',0,38.0625,-120.4375,4.5,12611,38.12665,-120.46222,0,,,0,9999,9999,9999,3047.6952,0,261,CIPV,0
409,'EastSide',0,42.3125,-121.8125,3.2,12459,42.23435,-121.80152,0,,,0,9999,9999,9999,3047.6952,0,3025,PACW,0
410,'NacimientoHydro1',0,35.9375,-120.9375,4.4,12332,35.8339,-120.97623,0,,,0,9999,9999,9999,3047.6952,0,50352,CIPV,0
411,'QuincyChute',0,47.1875,-119.8125,9.4,12113,47.16387,-119.89668,0,,,0,9999,9999,9999,3047.6952,0,917,GCPD,0
412,'LytleCreek1',0,34.0625,-117.3125,2.8,11870,34.155283,-117.398005,0,,,0,9999,9999,9999,3047.6952,0,332,CISC,0
413,'Idylwilde_1',0,39.3125,-104.4375,3.47,11684,39.249357,-104.528778,0,,,0,9999,9999,9999,3047.6952,0,-1,CIPV,0
414,'Azusa',0,34.1875,-117.9375,2.5,11453,34.13358,-117.90988,0,,,0,9999,9999,9999,3047.6952,0,6449,CISC,0
415,'Santa_Felicia1',0,34.4375,-118.8125,1.3,11394,34.47905,-118.770759,0,,,0,9999,9999,9999,3047.6952,0,50076,CISC,0
416,'Towaoc_1',0,37.5625,-108.5625,11.5,11378,37.45706,-108.54281,0,,,0,9999,9999,9999,3047.6952,0,7373,WACM,0
417,'AmesHydro',0,37.8125,-107.8125,3.6,11279,37.864,-107.881,0,,,0,9999,9999,9999,3047.6952,0,6207,PSCO,0
418,'Upper_Dawson_1',0,37.6875,-120.4375,4.4,11110,37.65045,-120.47071,0,,,0,9999,9999,9999,3047.6952,0,489,TIDC,0
419,'McSwain_1',0,37.5625,-120.3125,10,10989,37.52221,-120.31005,0,,,0,9999,9999,9999,3047.6952,0,410,CIPV,0
420,'Lakewood_Hydro',0,40.0625,-105.3125,3.5,10965,40.0114,-105.335,0,,,0,9999,9999,9999,3047.6952,0,54679,PSCO,0
421,'Williams_Fork1',0,40.0625,-106.3125,3.5,10964,40.03521,-106.20528,0,,,0,9999,9999,9999,3047.6952,0,10422,WACM,0
422,'Eagle_Point_1',0,42.5625,-122.6875,2.81,10954,42.54644,-122.56359,0,,,0,9999,9999,9999,3047.6952,0,3024,PACW,0
423,'Franklin_1',0,29.6875,-91.5625,2,10695,29.796708,-91.517569,0,,,0,9999,9999,9999,3047.6952,0,397,LDWP,0
424,'Coyote_Creek_1',0,33.8125,-117.9375,3.13,10541,33.92491,-117.95512,0,,,0,9999,9999,9999,3047.6952,0,483,CISC,0
425,'Site_980_65',0,36.9375,-120.0625,3.75,10509,36.994725,-120.001309,0,,,0,9999,9999,9999,3047.6952,0,428,CIPV,0
426,'Parker_1',0,37.3125,-120.1875,3.75,10509,37.2827,-120.26625,0,,,0,9999,9999,9999,3047.6952,0,50128,CIPV,0
427,'Clear_Lake_CA',0,38.9375,-122.5625,3.75,10509,38.925892,-122.566813,0,,,0,9999,9999,9999,3047.6952,0,50322,CIPV,0
428,'Silver_Lake',0,40.0625,-105.6875,3.3,10341,40.0283,-105.577,0,,,0,9999,9999,9999,3047.6952,0,55931,PSCO,0
429,'Kaweah1',0,36.4375,-118.8125,2.25,10312,36.52144,-118.72951,0,,,0,9999,9999,9999,3047.6952,0,337,CISC,0
430,'East_Highline_1',0,32.6875,-115.5625,2.4,10302,32.68222,-115.49457,0,,,0,9999,9999,9999,3047.6952,0,586,IID,0
431,'BoiseRDiversion1A',0,43.6875,-116.3125,3.3,10185,43.590979,-116.19454,0,,,0,9999,9999,9999,3047.6952,0,6397,IPTV,0
432,'Stampede_1',0,39.4375,-120.0625,3.6,10089,39.4708,-120.09572,0,,,0,9999,9999,9999,3047.6952,0,7066,CIPV,0
433,'Fall_Creek_1',0,41.8125,-122.5625,2.2,10046,41.88419,-122.55319,0,,,0,9999,9999,9999,3047.6952,0,296,PACW,0
434,'Upper_Beaver_1',0,38.3125,-112.6875,2.52,9986,38.27352,-112.64132,0,,,0,9999,9999,9999,3047.6952,0,3643,PAUT,0
435,'SouthDryCreekHydro1',0,45.1875,-109.3125,2,9917,45.084007,-109.379263,0,,,0,9999,9999,9999,3047.6952,0,10138,NWMT,0
436,'Washoe_1',0,39.5625,-119.9375,2.6,9866,39.5212,-119.96613,0,,,0,9999,9999,9999,3047.6952,0,6532,SPPC,0
437,'LakeMendocino',0,39.3125,-123.0625,3.5,9808,39.200002,-123.185703,0,,,0,9999,9999,9999,3047.6952,0,7489,CIPV,0
438,'ClrwatrFishHtch',0,48.1875,-116.3125,2.9,9766,48.138045,-116.43166,0,,,0,9999,9999,9999,3047.6952,0,-1,CIPV,0
439,'Crosscut_CC5',0,33.3125,-112.1875,3,9734,33.27654,-112.18717,0,,,0,9999,9999,9999,3047.6952,0,143,SRP,0
440,'Foothills_CO',0,39.4375,-104.9375,3.1,9711,39.34788,-104.99471,0,,,0,9999,9999,9999,3047.6952,0,10070,PSCO,0
441,'BoulderCanyon1',0,40.0625,-105.3125,20,9686,40.0046,-105.333,0,,,0,9999,9999,9999,3047.6952,0,466,PSCO,0
442,'Temescal_1',0,33.8125,-117.6875,2.85,9598,33.89225,-117.58079,0,,,0,9999,9999,9999,3047.6952,0,479,CISC,0
443,'Corona_1',0,33.8125,-117.6875,2.85,9598,33.87517,-117.56882,0,,,0,9999,9999,9999,3047.6952,0,480,CISC,0
444,'Shoshone_1',0,44.5625,-109.0625,3,9549,44.50305,-109.17976,0,,,0,9999,9999,9999,3047.6952,0,4183,WACM,0
445,'ThermalitoDiverson',0,39.4375,-121.6875,3.4,9527,39.51269,-121.62598,0,,,0,9999,9999,9999,3047.6952,0,7129,CIPV,0
446,'Betasso_Hydro',0,40.0625,-105.3125,3,9400,40.01171,-105.33456,0,,,0,9999,9999,9999,3047.6952,0,54680,PSCO,0
447,'Grand_Valley1',0,39.1875,-108.3125,3,9398,39.12783,-108.32517,0,,,0,9999,9999,9999,3047.6952,0,473,PSCO,0
448,'Mile28Water1',0,42.5625,-114.3125,3,9258,42.605645,-114.209784,0,,,0,9999,9999,9999,3047.6952,0,843,BPAT,0
449,'LowerNo21',0,43.5625,-112.0625,3,9258,43.46868,-112.06245,0,,,0,9999,9999,9999,3047.6952,0,54812,IPMV,0
450,'Turlock_Lake_1',0,37.6875,-120.6875,3.3,9246,37.61173,-120.59449,0,,,0,9999,9999,9999,3047.6952,0,161,TIDC,0
451,'Verdi_1',0,39.5625,-119.9375,2.4,9108,39.52311,-119.97951,0,,,0,9999,9999,9999,3047.6952,0,6531,SPPC,0
452,'MoccasinLowHead',0,37.8125,-120.3125,3.2,8966,37.80829,-120.29741,0,,,0,9999,9999,9999,3047.6952,0,751,CIPV,0
453,'Deadwood_Creek',0,39.4375,-121.1875,2,8897,39.538084,-121.151962,0,,,0,9999,9999,9999,3047.6952,0,7507,CIPV,0
454,'LittleWoodHydro',0,43.4375,-114.0625,2.85,8793,43.498177,-114.005716,0,,,0,9999,9999,9999,3047.6952,0,54386,IPMV,0
455,'Springville',0,34.1875,-119.1875,1,8764,34.22752,-119.084429,0,,,0,9999,9999,9999,3047.6952,0,56125,CISC,0
456,'Tule_River3',0,36.0625,-118.8125,2.6,8754,36.13188,-118.86347,0,,,0,9999,9999,9999,3047.6952,0,365,CISC,0
457,'Camp_Far_West_1',0,39.0625,-121.3125,7.9,8753,39.04736,-121.31225,0,,,0,9999,9999,9999,3047.6952,0,531,CIPV,0
458,'Kaweah2',0,36.4375,-118.9375,1.79,8220,36.453988,-118.904791,0,,,0,9999,9999,9999,3047.6952,0,336,CISC,0
459,'MichellButte',0,43.5625,-117.3125,2.09,8137,43.655144,-117.253888,0,,,0,9999,9999,9999,3047.6952,0,50360,IPTV,0
460,'BirchCreek1',0,43.9375,-112.3125,2.6,8024,43.84138,-112.422529,0,,,0,9999,9999,9999,3047.6952,0,10140,IPFE,0
461,'Burney_Creek',0,40.9375,-121.5625,3,7945,40.87592,-121.679109,0,,,0,9999,9999,9999,3047.6952,0,10706,CIPV,0
462,'Pilot_Knob_1',0,33.0625,-115.1875,33,7920,33.06013,-115.07237,0,,,0,9999,9999,9999,3047.6952,0,388,IID,0
463,'Russell_D_smith',0,46.9375,-119.1875,6.1,7861,46.909205,-119.13746,0,,,0,9999,9999,9999,3047.6952,0,56694,SCL,0
464,'Sugarloaf',0,39.1875,-106.3125,2.5,7834,39.25711,-106.37489,0,,,0,9999,9999,9999,3047.6952,0,50435,PSCO,0
465,'Clear_Lake_ID',0,42.6875,-114.8125,2.5,7715,42.66964,-114.77749,0,,,0,9999,9999,9999,3047.6952,0,814,IPMV,0
466,'Fleish_1',0,39.5625,-119.9375,2,7590,39.45219,-120.00565,0,,,0,9999,9999,9999,3047.6952,0,6513,SPPC,0
467,'CrystalSprings',0,42.6875,-114.5625,2.44,7531,42.654752,-114.655671,0,,,0,9999,9999,9999,3047.6952,0,10806,IPMV,0
468,'MontgomeryCreekHydro',0,40.5625,-122.0625,2.6,7287,40.6712,-122.00749,0,,,0,9999,9999,9999,3047.6952,0,55009,CIPV,0
469,'Taylor_Draw',0,40.0625,-108.8125,2.3,7207,40.120306,-108.706353,0,,,0,9999,9999,9999,3047.6952,0,54729,PSCO,0
470,'BishopCreek6-1',0,37.4375,-118.5625,1.69,7112,37.350718,-118.463781,0,,,0,9999,9999,9999,3047.6952,0,327,CISC,0
471,'Cottonwood_1',0,36.4375,-118.0625,1.5,6858,36.416,-118.0388,0,,,0,9999,9999,9999,3047.6952,0,394,CISC,0
472,'Lahontan_1',0,39.4375,-118.9375,1.8,6825,39.435792,-119.044107,0,,,0,9999,9999,9999,3047.6952,0,6521,SPPC,0
473,'FlintCreek',0,46.9375,-96.9375,2,6735,46.905174,-97.034267,0,,,0,9999,9999,9999,3047.6952,0,58392,NWMT,0
474,'Toadtown_1',0,39.8125,-121.6875,1.5,6672,39.806256,-121.579073,0,,,0,9999,9999,9999,3047.6952,0,714,CIPV,0
475,'HamiltonBranch1',0,40.1875,-121.0625,4.8,6524,40.275,-121.09028,0,,,0,9999,9999,9999,3047.6952,0,242,CIPV,0
476,'Rio_Hondo_1',0,33.9375,-118.1875,1.91,6432,33.956305,-118.205774,0,,,0,9999,9999,9999,3047.6952,0,482,CISC,0
477,'LateralVentures',0,42.6875,-114.8125,2.06,6356,42.59349,-114.744934,0,,,0,9999,9999,9999,3047.6952,0,54753,IPMV,0
478,'Nooksack',0,47.8125,-122.0625,2.5,6342,47.791113,-121.990585,0,,,0,9999,9999,9999,3047.6952,0,-1,CIPV,0
479,'Hillcrest_PS',0,39.6875,-104.9375,2,6265,39.644073,-104.920166,0,,,0,9999,9999,9999,3047.6952,0,54142,PSCO,0
480,'MoraDrop',0,43.5625,-116.5625,1.85,6230,43.462503,-116.473593,0,,,0,9999,9999,9999,3047.6952,0,56498,IPTV,0
481,'Elk_Creek',0,45.3125,-116.3125,2,6171,45.213234,-116.314053,0,,,0,9999,9999,9999,3047.6952,0,50891,IPTV,0
482,'WhitewaterHydroWWHI',0,33.8125,-116.4375,1.3,5950,33.823215,-116.512114,0,,,0,9999,9999,9999,3047.6952,0,10162,CISC,0
483,'Rock_Creek_II1',0,42.5625,-114.4375,1.9,5862,42.50373,-114.463626,0,,,0,9999,9999,9999,3047.6952,0,10809,IPMV,0
484,'Volta_2_1',0,40.4375,-121.9375,1,5727,40.434632,-121.870549,0,,,0,9999,9999,9999,3047.6952,0,180,CIPV,0
485,'Dillon_Hydro',0,39.6875,-106.0625,1.8,5638,39.603274,-105.987584,0,,,0,9999,9999,9999,3047.6952,0,10421,PSCO,0
486,'Phoenix_1',0,38.0625,-120.4375,2,5605,38.002576,-120.390907,0,,,0,9999,9999,9999,3047.6952,0,264,CIPV,0
487,'Roaring_Creek1',0,40.9375,-121.9375,2,5605,40.906113,-121.937435,0,,,0,9999,9999,9999,3047.6952,0,10881,CIPV,0
488,'Alta_PH1',0,39.3125,-120.9375,2,5604,39.209047,-120.816655,0,,,0,9999,9999,9999,3047.6952,0,214,CIPV,0
489,'LimeSaddle1',0,39.5625,-121.5625,2,5604,39.596701,-121.53851,0,,,0,9999,9999,9999,3047.6952,0,255,CIPV,0
490,'GosselinHydroGEN1',0,40.5625,-123.6875,2,5604,40.471325,-123.794393,0,,,0,9999,9999,9999,3047.6952,0,10128,CIPV,0
491,'Cow_Creek_1',0,40.4375,-122.0625,2,5602,40.559828,-122.038955,0,,,0,9999,9999,9999,3047.6952,0,229,CIPV,0
492,'Weeks_Falls',0,47.5625,-121.8125,4.3,5539,47.47366,-121.752414,0,,,0,9999,9999,9999,3047.6952,0,54387,PSEI,0
493,'EastPortalGenerator1',0,34.1875,-118.5625,1.2,5503,34.25778,-118.614259,0,,,0,9999,9999,9999,3047.6952,0,50375,LDWP,0
494,'ThreeForksWater',0,40.3125,-123.4375,1.8,5044,40.205879,-123.497198,0,,,0,9999,9999,9999,3047.6952,0,10880,CIPV,0
495,'BidwellDitchGEN1',0,40.8125,-121.5625,1.8,5044,40.751538,-121.4883,0,,,0,9999,9999,9999,3047.6952,0,50233,CISC,0
496,'San_Dimas_Wash',0,34.1875,-117.8125,1.05,4811,34.124127,-117.803849,0,,,0,9999,9999,9999,3047.6952,0,54308,CIPV,0
497,'BlackCreek',0,47.5625,-121.8125,3.7,4768,47.4673,-121.738646,0,,,0,9999,9999,9999,3047.6952,0,54860,PSEI,0
498,'StrawberryCreek1',0,42.8125,-110.9375,1.5,4767,42.90447,-110.853799,0,,,0,9999,9999,9999,3047.6952,0,6393,WAUW,0
499,'LostCreek_CA',0,40.9375,-121.5625,1.7,4765,40.927018,-121.599844,0,,,0,9999,9999,9999,3047.6952,0,10708,CIPV,0
500,'BlindCanyon',0,42.6875,-114.8125,1.5,4629,42.69609,-114.802646,0,,,0,9999,9999,9999,3047.6952,0,54514,IPMV,0
501,'LittleMac1',0,42.6875,-114.5625,1.5,4621,42.62253,-114.674089,0,,,0,9999,9999,9999,3047.6952,0,10049,IPMV,0
502,'GregAvenue1',0,34.1875,-118.3125,1,4587,34.209453,-118.351948,0,,,0,9999,9999,9999,3047.6952,0,6643,LDWP,0
503,'Tulare_Success',0,36.0625,-118.8125,1.63,4566,36.057498,-118.914416,0,,,0,9999,9999,9999,3047.6952,0,10222,CISC,0
504,'PointLomaHY',0,39.0625,-120.9375,1.35,4546,39.079547,-120.955952,0,,,0,9999,9999,9999,3047.6952,0,-1,CIPV,0
505,'SouthConsol',0,33.4375,-112.1875,1.4,4541,33.44826,-112.075774,0,,,0,9999,9999,9999,3047.6952,0,100,SRP,0
506,'Redlands',0,39.0625,-108.5625,1.4,4387,39.067418,-108.58883,0,,,0,9999,9999,9999,3047.6952,0,50267,PSCO,0
507,'Salida_1',0,38.5625,-106.3125,1.4,4386,38.53927,-106.192046,0,,,0,9999,9999,9999,3047.6952,0,474,PSCO,0
508,'Bend1',0,44.0625,-121.3125,1.11,4323,44.06159,-121.311289,0,,,0,9999,9999,9999,3047.6952,0,6484,PACW,0
509,'KaselWitherpoonCoLS1',0,42.6875,-114.5625,1.4,4320,42.586126,-114.440513,0,,,0,9999,9999,9999,3047.6952,0,55007,IPMV,0
510,'CombieSouth1',0,38.9375,-121.0625,1.5,4200,39.013536,-121.103768,0,,,0,9999,9999,9999,3047.6952,0,846,CIPV,0
511,'DivisionCreek',0,34.3125,-117.9375,1.24,4176,34.314818,-117.817293,0,,,0,9999,9999,9999,3047.6952,0,-1,CIPV,0
512,'Marco_Ranch_1',0,42.6875,-114.5625,1.2,4040,42.72792,-114.507699,0,,,0,9999,9999,9999,3047.6952,0,50323,IPMV,0
513,'McPhee_1',0,37.4375,-108.4375,1.28,4011,37.354665,-108.553665,0,,,0,9999,9999,9999,3047.6952,0,7372,WALC,0
514,'Angels',0,38.0625,-120.4375,1.4,3922,38.07254,-120.539579,0,,,0,9999,9999,9999,3047.6952,0,215,CIPV,0
515,'Prospect4',0,42.6875,-122.5625,1,3893,42.77523,-122.524273,0,,,0,9999,9999,9999,3047.6952,0,3035,PACW,0
516,'Koyle_Ranch',0,42.9375,-114.6875,1.25,3857,42.947103,-114.791421,0,,,0,9999,9999,9999,3047.6952,0,10781,IPMV,0
517,'Merced_Falls_1',0,37.5625,-120.3125,3.5,3846,37.52255,-120.32934,0,,,0,9999,9999,9999,3047.6952,0,258,CIPV,0
518,'Ruxton_Park_1',0,38.8125,-104.8125,1.2,3760,38.853617,-104.911954,0,,,0,9999,9999,9999,3047.6952,0,495,WACM,0
519,'Georgetown_1',0,39.8125,-86.1875,1.2,3758,39.872,-86.244417,0,,,0,9999,9999,9999,3047.6952,0,472,PSCO,0
520,'Oak_Flat_1',0,39.8125,-121.0625,1.3,3642,39.882978,-121.051997,0,,,0,9999,9999,9999,3047.6952,0,626,CIPV,0
521,'St.Johns',0,34.8125,-118.0625,1.08,3637,34.902087,-118.136549,0,,,0,9999,9999,9999,3047.6952,0,50610,CISC,0
522,'Cascade_CO',0,38.8125,-104.8125,1,3368,38.855768,-104.932289,0,,,0,9999,9999,9999,3047.6952,0,-1,CIPV,0
523,'NelsonCreek1296',0,40.9375,-121.9375,1.2,3364,41.02049,-121.914299,0,,,0,9999,9999,9999,3047.6952,0,50223,CIPV,0
524,'Strontia1',0,39.5625,-105.0625,1,3128,39.477732,-105.069309,0,,,0,9999,9999,9999,3047.6952,0,10081,PSCO,0
525,'PonderosaBaileyCreek',0,40.4375,-121.9375,1.1,3083,40.434632,-121.870549,0,,,0,9999,9999,9999,3047.6952,0,10709,CIPV,0
526,'Potholes_East',0,46.3125,-119.3125,2.3,2963,46.370206,-119.250818,0,,,0,9999,9999,9999,3047.6952,0,56697,TPWR,0
527,'NotchButteGeoBon2',0,42.9375,-114.6875,0.93,2872,42.95504,-114.574654,0,,,0,9999,9999,9999,3047.6952,0,50718,IPMV,0
528,'Eltopia_Branch',0,46.1875,-119.0625,2.2,2835,46.259385,-119.115712,0,,,0,9999,9999,9999,3047.6952,0,56696,TPWR,0
529,'Hickman_1',0,37.6875,-120.6875,1,2802,37.6208,-120.727965,0,,,0,9999,9999,9999,3047.6952,0,162,TIDC,0
530,'ScottFlat7P',0,39.3125,-120.6875,1,2802,39.309435,-120.680682,0,,,0,9999,9999,9999,3047.6952,0,839,CIPV,0
531,'ArizonaFalls',0,33.4375,-111.8125,0.75,2434,33.472489,-111.901029,0,,,0,9999,9999,9999,3047.6952,0,-1,CIPV,0
532,'Rocky_Brook',0,47.5625,-123.0625,1.6,2063,47.617692,-122.981937,0,,,0,9999,9999,9999,3047.6952,0,50228,BPAT,0
533,'BoxCanyonID',0,42.8125,-114.9375,0.56,1886,42.700285,-114.82533,0,,,0,9999,9999,9999,3047.6952,0,-1,CIPV,0
534,'Snedigar_1',0,42.6875,-114.8125,0.54,1819,42.661478,-114.756757,0,,,0,9999,9999,9999,3047.6952,0,-1,CIPV,0
535,'Schaffner_1',0,43.3125,-113.1875,0.53,1785,43.221997,-113.184811,0,,,0,9999,9999,9999,3047.6952,0,-1,CIPV,0
536,'Lewiston_1',0,38.5625,-120.8125,0.5,1684,38.574651,-120.761245,0,,,0,9999,9999,9999,3047.6952,0,-1,CIPV,0
537,'Sheep_Creek1',0,48.9375,-117.8125,1.3,1677,48.951812,-117.759171,0,,,0,9999,9999,9999,3047.6952,0,50091,BPAT,0
538,'Slab_Creek_1',0,38.8125,-120.8125,0.48,1617,38.76516,-120.78705,0,,,0,9999,9999,9999,3047.6952,0,-1,CIPV,0
539,'Burton_Creek',0,46.5625,-121.8125,0.48,1617,46.537222,-121.75,0,,,0,9999,9999,9999,3047.6952,0,435,BANC,0
540,'MeyersFalls1',0,48.6875,-118.0625,1.2,1548,48.59653,-118.059909,0,,,0,9999,9999,9999,3047.6952,0,3868,AVA,0
541,'EsquatzelCanal',0,46.9375,-120.3125,1.1,1418,46.862442,-120.294066,0,,,0,9999,9999,9999,3047.6952,0,-1,CIPV,0
542,'Double_Weir1',0,32.8125,-115.4375,0.4,1346,32.806278,-115.353432,0,,,0,9999,9999,9999,3047.6952,0,-1,CIPV,0
543,'Skookumchuck1',0,46.8125,-122.6875,1,1290,46.790045,-122.726916,0,,,0,9999,9999,9999,3047.6952,0,7259,BPAT,0
544,'CombieNorth',0,38.9375,-121.0625,0.33,1111,39.013536,-121.103768,0,,,0,9999,9999,9999,3047.6952,0,-1,CIPV,0
545,'Reynolds',0,43.3125,-116.5625,0.26,876,43.341979,-116.600728,0,,,0,9999,9999,9999,3047.6952,0,-1,CIPV,0
546,'Stone_Drop_1',0,37.6875,-120.6875,0.24,808,37.64329,-120.7193,0,,,0,9999,9999,9999,3047.6952,0,-1,CIPV,0
547,'Shingle_Creek_1',0,45.4375,-116.3125,0.22,741,45.363783,-116.403523,0,,,0,9999,9999,9999,3047.6952,0,-1,CIPV,0
548,'Rim_View_1',0,42.6875,-114.5625,0.2,674,42.664043,-114.676994,0,,,0,9999,9999,9999,3047.6952,0,-1,CIPV,0
549,'PortTownsend',0,48.1875,-122.6875,0.4,516,48.0902,-122.800778,0,,,0,9999,9999,9999,3047.6952,0,50544,BPAT,0
550,'Shasta_River_1',0,43.0625,-121.5625,0.1,337,43.100082,-121.553305,0,,,0,9999,9999,9999,3047.6952,0,-1,CIPV,0
551,'Snake_River',0,42.8125,-114.9375,0.07,236,42.883438,-114.918494,0,,,0,9999,9999,9999,3047.6952,0,-1,CIPV,0
552,'ElephantButte1',0,33.0625,-107.3125,27.9,0,33.15115,-107.21866,0,,,0,9999,9999,9999,3047.6952,0,6402,WALC,0
553,'DiamondValleyLake02',0,33.6875,-117.1875,-8.37,0,33.6808,-117.07,0,,,0,9999,9999,9999,3047.6952,0,7942,CISC,0
554,'ONeill_1',0,37.0625,-121.0625,-20.58,0,37.06911,-121.07723,0,,,0,9999,9999,9999,3047.6952,0,446,CIPV,0
555,'Lower_Molina_1',0,39.1875,-107.9375,4.86,0,39.13206,-107.91913,0,,,0,9999,9999,9999,3047.6952,0,520,WALC,0
556,'Iron_Gate',0,41.9375,-122.4375,18,0,41.93291,-122.4368,0,,,0,9999,9999,9999,3047.6952,0,297,PACW,0
557,'Copco1-1',0,41.9375,-122.4375,20,0,41.9792,-122.33498,0,,,0,9999,9999,9999,3047.6952,0,294,PACW,0
558,'Copco_2_1',0,41.9375,-122.4375,27,0,41.97539,-122.35834,0,,,0,9999,9999,9999,3047.6952,0,295,PACW,0
559,'John_C_Boyle_1',0,42.0625,-122.0625,97.98,0,42.12228,-122.04838,0,,,0,9999,9999,9999,3047.6952,0,3028,PACW,0