plant,lat_,lon_,lat,lon,nameplate_MW_,annualProduction_MWh_,BA,grid_id,reg_hucwm
GrandCouleePG07,47.9375,-118.9375,47.899368,-118.971541,6956.88,20887241,BPAT,84961,PNW
ChiefJoseph01,48.0625,-119.6875,48.032292,-119.662392,2612.4,10474484,BPAT,85419,PNW
JohnDay01,45.6875,-120.8125,45.691573,-120.784451,2160,8170688,BPAT,76594,PNW
The_Dalles_1,45.5625,-121.1875,45.615,-121.1383,1819.7,6011823,BPAT,76127,PNW
Rocky_Reach_C_1,47.5625,-120.3125,47.5483,-120.3133,1299.6,5756315,CHPD,83558,PNW
Wanapum01,46.9375,-119.9375,46.920348,-119.97975,1236,5383825,GCPD,81241,PNW
Bonneville1,45.6875,-121.9375,45.6416,-121.9333,1224.2,4849500,BPAT,76585,PNW
McNary01,45.9375,-119.1875,45.911516,-119.207143,990.5,4408645,BPAT,77535,PNW
Wells01,47.9375,-119.9375,47.940686,-119.913516,815,4125540,DOPD,84953,PNW
Priest_Rapids_1,46.6875,-119.9375,46.6459,-119.907,955.6,3978012,GCPD,80313,PNW
Boundary51,48.9375,-117.3125,48.959217,-117.338548,1039.8,3454060,SCL,88686,PNW
Glen_Canyon1,36.9375,-111.4375,36.9379,-111.4842,1296,3276562,WALC,44189,COLO
Rock_Island_A,47.3125,-120.0625,47.3462,-120.0917,629.43,2430699,CHPD,82632,PNW
EdwardCHyatt2,39.5625,-121.5625,39.559501,-121.514767,798.69,2316594,CIPV,53852,18
Libby_1,48.4375,-115.3125,48.4116,-115.3083,525,2053180,BPAT,86846,PNW
Brownlee1,44.8125,-116.9375,44.83651,-116.89838,585.4,1956571,IPTV,73377,PNW
Hoover_Dam_N1,36.0625,-114.6875,36.078949,-114.669798,1037,1909061,NEVP,40915,COLO
Shasta_1,40.6875,-122.4375,40.7186,-122.4192,710,1904135,CIPV,58021,18
LowerMonumentl1,46.5625,-118.5625,46.548618,-118.581623,810,1837014,BPAT,79860,PNW
Little_Goose_1,46.5625,-118.0625,46.58362,-118.02699,810,1835922,BPAT,79864,PNW
Lower_Granite_1,46.6875,-117.4375,46.65797,-117.43103,810,1781904,BPAT,80333,PNW
Noxon_Rapids_1,47.9375,-115.6875,47.944851,-115.715751,532.4,1599527,AVA,84987,PNW
Hells_Canyon_1,45.3125,-116.6875,45.323169,-116.657432,391.5,1589680,IPTV,75235,PNW
Hoover_Dam_A1,36.0625,-114.6875,36.078949,-114.669798,1037,1499968,WALC,40915,COLO
Dworshak_1,46.4375,-116.3125,46.5099,-116.2961,400,1413670,BPAT,79414,PNW
Ice_Harbor_1,46.3125,-118.8125,46.280109,-118.821679,603,1263927,BPAT,78930,PNW
Colgate_1,39.4375,-121.1875,39.409946,-121.161325,352.39,1183876,CIPV,53391,18
DevilCanyon1,34.1875,-117.3125,34.188092,-117.321368,280,1143380,CISC,33934,18
Kerr_KER1,47.6875,-114.1875,47.665979,-114.198122,207.6,1032055,NWMT,84071,PNW
CabinetGorge1,48.0625,-116.0625,48.0856,-116.0571,265.2,1021306,AVA,85448,PNW
Davis_Dam_1,35.1875,-114.5625,35.1959,-114.57,255,989907,WALC,37668,COLO
BigCreek3-1,37.1875,-119.3125,37.229702,-119.233391,174.4,943294,CISC,45054,18
Round_Butte_1,44.5625,-121.3125,44.6042,-121.2769,246.9,890175,PGE,72414,PNW
DonPedro1,37.6875,-120.4375,37.69806,-120.42051,203.2,886529,TIDC,46901,18
Hungry_Horse_1,48.3125,-114.0625,48.34153,-114.01367,428,864300,BPAT,86392,PNW
Pit_5_H1,40.9375,-121.8125,40.959625,-121.857426,164,854008,CIPV,58954,18
Collierville1,38.1875,-120.3125,38.1461,-120.3547,252.5,848264,CIPV,48758,18
Oxbow_(OR)_1,44.9375,-116.8125,44.97094,-116.83539,220,813724,IPTV,73842,PNW
Folsom_1,38.6875,-121.1875,38.70744,-121.15675,215.1,786069,BANC,50607,18
Dion_R_Holm_1,37.8125,-119.9375,37.951196,-119.934782,170,782616,CIPV,47369,18
Gorge21,48.6875,-121.1875,48.702795,-121.168379,207.3,775769,SCL,87727,PNW
Mayfield_41,46.5625,-122.5625,46.5625,-122.5625,162,748712,TPWR,79828,PNW
WhiteRock1,38.9375,-120.8125,38.7715,-120.8128,250,718043,BANC,51538,18
James_B_Black_1,41.0625,-121.9375,41.0414,-121.9853,169.1,704284,CIPV,59417,18
Jaybird_H1,38.8125,-120.5625,38.829192,-120.528967,154,687258,BANC,51076,18
Haas1,37.0625,-118.9375,37.0042,-118.9684,144,683120,CIPV,44593,18
BigCreek2A-1,37.1875,-119.1875,37.232666,-119.146428,110,680756,CISC,45055,18
Poe_1,39.8125,-121.4375,39.8097,-121.4318,128,679771,CIPV,54781,18
MammothPool1,37.3125,-119.3125,37.3231,-119.3172,190,675630,CISC,45518,18
HelmsPS1,37.0625,-118.9375,37.0042,-118.9684,1218,669715,CIPV,44593,18
DiabloHydro_31,48.6875,-121.1875,48.702795,-121.168379,166,661220,SCL,87727,PNW
R_C_Kirkwood_1,37.9375,-119.8125,37.964502,-119.842081,129.39,643632,CIPV,47834,18
Castaic_7,34.5625,-118.6875,34.553193,-118.668136,1522,629513,LDWP,35315,18
Balch2-2,36.8125,-119.1875,36.821084,-119.177212,107.1,624693,CIPV,43663,18
Yellowtail_1,45.3125,-107.9375,45.3163,-107.9216,250,606936,WAUW,75305,10
Yellowtail_1,45.3125,-107.9375,45.3163,-107.9216,250,606936,WAUW,75305,MISSIP
Pine_Flat_1,36.8125,-119.3125,36.8316,-119.325,173.7,594324,CIPV,43662,18
Kerckhoff_2_1,37.0625,-119.5625,37.092232,-119.546436,153.9,581754,CIPV,44588,18
Ross_41,48.6875,-121.0625,48.73153,-121.06604,450,561120,SCL,87728,PNW
Electra_1,38.4375,-120.5625,38.4205,-120.5495,91.99,555322,CIPV,49684,18
BigCreek4-1,37.1875,-119.1875,37.229702,-119.233391,100,541866,CISC,45055,18
Mossyrock_51,46.5625,-122.4375,46.5348,-122.42511,300,538112,TPWR,79829,PNW
Rock_Creek_H1,39.9375,-121.3125,39.973751,-121.291966,113.9,536803,CIPV,55246,18
Swift_1_HY11,46.0625,-122.1875,46.064,-122.197,240,530583,PACW,77975,PNW
Pit_7_H1,40.8125,-122.0625,40.811134,-122.044777,110.3,525074,CIPV,58488,18
Palisades_1,43.3125,-111.1875,43.331827,-111.200727,176.4,521312,PAID,67855,PNW
MIddleFork1,39.0625,-120.5625,39.0264,-120.6032,131.16,482440,CIPV,52004,18
Camino_H1,38.8125,-120.5625,38.829192,-120.528967,150,478088,BANC,51076,18
Moccasin_1,37.8125,-120.3125,37.8123,-120.3057,115,475536,CIPV,47366,18
BigCreek1-1,37.1875,-119.1875,37.171971,-119.166817,88.3,467032,CISC,45055,18
Thompson_Falls1,47.5625,-115.3125,47.5916,-115.330544,87.1,458899,NWMT,83598,PNW
Long_Lake_1,47.8125,-117.8125,47.83726,-117.83923,70,457872,AVA,84506,PNW
Pit_3_H1,41.0625,-121.6875,41.0218,-121.6767,80.1,449472,CIPV,59419,18
BoxCanyonAVA1,48.6875,-117.4375,48.720187,-117.439466,84.75,446633,AVA,87757,PNW
Fort_Peck_1,47.9375,-106.4375,47.997082,-106.417673,105.5,438481,WAUW,85061,10
Fort_Peck_1,47.9375,-106.4375,47.997082,-106.417673,105.5,438481,WAUW,85061,MISSIP
Pit_4_1,40.9375,-121.8125,40.9878,-121.7692,103.4,426318,CIPV,58954,18
Caribou_2_4,40.1875,-121.0625,40.1744,-121.0888,122,415300,CIPV,56176,18
Parker_Dam_1,34.3125,-114.1875,34.29605,-114.14036,120,410960,WALC,34423,COLO
Stanislaus_HC1,38.1875,-120.3125,38.1461,-120.3547,91,406261,CIPV,48758,18
Ryan1,47.5625,-111.0625,47.56991,-111.12261,66.4,405656,NWMT,83632,10
Ryan1,47.5625,-111.0625,47.56991,-111.12261,66.4,405656,NWMT,83632,MISSIP
Trinity_1,40.8125,-122.8125,40.79673,-122.76083,140,402381,BANC,58482,18
Keswick_1,40.5625,-122.4375,40.612,-122.44514,117,394023,BANC,57557,18
Exchequer,37.5625,-120.3125,37.58413,-120.27237,94.5,393737,CIPV,46438,18
BigCreek2-3,37.1875,-119.1875,37.232666,-119.146428,66.4,391606,CISC,45055,18
FlamingGorge1,40.9375,-109.4375,40.9149,-109.4219,151.95,386817,WACM,59053,COLO
Pelton_1,44.6875,-121.1875,44.69398,-121.23115,109.8,381388,PGE,72879,PNW
Summer_Falls1,47.4375,-119.3125,47.456531,-119.283692,94,372844,TPWR,83102,PNW
BigCreek8-1,37.1875,-119.4375,37.144075,-119.449278,75,372307,CISC,45053,18
Pit_6_H1,40.9375,-121.9375,40.927345,-121.975954,79,371282,CIPV,58953,18
Merwin_1,45.9375,-122.5625,45.95662,-122.55691,135,362892,PACW,77508,PNW
NewMelones1,37.9375,-120.5625,37.950885,-120.522215,300,355060,CIPV,47828,18
Spring_Creek_1,40.6875,-122.4375,40.665796,-122.462138,191.6,352204,CIPV,58021,18
Tiger_Creek_H1,38.4375,-120.5625,38.4413,-120.5051,56,339370,CIPV,49684,18
Donnells,38.3125,-119.9375,38.3302,-119.9613,72,329919,CIPV,49225,18
Chelan_A_1,47.8125,-120.0625,47.83426,-120.01229,59.2,323858,CHPD,84488,PNW
Belden_1,40.0625,-121.1875,40.0757,-121.1612,119,316308,CIPV,55711,18
Yale1,45.9375,-122.3125,45.96559,-122.33517,134,316232,PACW,77510,PNW
CastaicInflowHydro,34.5625,-118.6875,34.553193,-118.668136,99,310757,LDWP,35315,18
Woodleaf,39.5625,-121.0625,39.5826,-121.1155,60,308346,CIPV,53856,18
H_M_Jackson_1,47.9375,-121.6875,47.9746,-121.6868,111.8,303260,BPAT,84939,PNW
Lower_Baker_3,48.6875,-121.6875,48.66269,-121.688449,111.75,296319,PSEI,87723,PNW
Upper_Baker_1,48.6875,-121.6875,48.720575,-121.631078,104.8,295232,PSEI,87723,PNW
Ralston,38.9375,-120.8125,38.987168,-120.773526,89.5,291212,CIPV,51538,18
Bliss1,42.9375,-115.0625,42.91382,-115.07113,75,287706,IPMV,66432,PNW
SanFrancisq1_1A,34.5625,-118.5625,34.5302,-118.5234,69.38,279757,LDWP,35316,18
Cresta_1,39.9375,-121.3125,39.8805,-121.3702,70.4,277212,CIPV,55246,18
Morrow_Point_1,38.4375,-107.5625,38.4519,-107.538,173.34,276712,WACM,49788,COLO
Detroit_1,44.6875,-122.1875,44.706366,-122.222076,100,266600,BPAT,72871,PNW
Cushman1-21,47.4375,-123.1875,47.42385,-123.22027,43.2,263848,TPWR,83071,PNW
Judge_F_Carr_1,40.6875,-122.5625,40.643949,-122.576466,171.2,260490,BANC,58020,18
Cochrane_COC1,47.5625,-111.1875,47.55377,-111.14904,64,259334,NWMT,83631,10
Cochrane_COC1,47.5625,-111.1875,47.55377,-111.14904,64,259334,NWMT,83631,MISSIP
Canyon_Ferry_1,46.6875,-111.8125,46.64845,-111.72828,49.8,258453,NWMT,80378,10
Canyon_Ferry_1,46.6875,-111.8125,46.64845,-111.72828,49.8,258453,NWMT,80378,MISSIP
Drum_2_5,39.3125,-120.8125,39.2544,-120.7749,50,251903,CIPV,52930,18
Holter_HOL1,46.9375,-111.9375,46.99106,-112.0046,38.4,251408,NWMT,81305,10
Holter_HOL1,46.9375,-111.9375,46.99106,-112.0046,38.4,251408,NWMT,81305,MISSIP
Morony_MOR1,47.5625,-111.0625,47.58247,-111.06052,45,251366,NWMT,83632,10
Morony_MOR1,47.5625,-111.0625,47.58247,-111.06052,45,251366,NWMT,83632,MISSIP
W_R_Gianelli_1,37.0625,-121.0625,37.091669,-121.041286,424,242270,CIPV,44576,18
CabinCreekA,39.6875,-105.6875,39.65,-105.7189,300,242162,PSCO,54443,10
CabinCreekA,39.6875,-105.6875,39.65,-105.7189,300,242162,PSCO,54443,MISSIP
Salt_Springs_1,38.4375,-120.1875,38.49794,-120.21818,44,240375,CIPV,49687,18
Rainbow9,47.5625,-111.1875,47.5346,-111.2041,60,232735,NWMT,83631,10
Rainbow9,47.5625,-111.1875,47.5346,-111.2041,60,232735,NWMT,83631,MISSIP
Prospect2-1,42.8125,-122.5625,42.776257,-122.533972,32,230702,PACW,65908,PNW
KingsRiverHY,36.8125,-119.3125,36.8316,-119.325,51.2,230372,CISC,43662,18
Thermalito_1,39.4375,-121.6875,39.4771,-121.6871,142.72,227414,CIPV,53387,18
LuckyPeak131,43.5625,-116.0625,43.52793,-116.05348,71.25,226234,IPTV,68744,PNW
AmericanFalls1,42.8125,-112.9375,42.7788,-112.87579,92.34,225771,IPFE,65985,PNW
Pit_1_H1,41.0625,-121.4375,41.0082,-121.4482,64,223500,CIPV,59421,18
Swift_2_21,46.0625,-122.3125,46.05953,-122.26011,70,219808,PACW,77974,PNW
Horse_Mesa_HM1,33.5625,-111.3125,33.58962,-111.34541,140.7,216320,SRP,31662,COLO
Forbestown_1,39.5625,-121.3125,39.56046,-121.27261,39,212895,CIPV,53854,18
W_E_Warne_1,34.6875,-118.8125,34.6443,-118.7643,78.2,210448,CIPV,35778,18
BlueMesa1,38.4375,-107.3125,38.4547,-107.33472,86.4,208630,WACM,49790,COLO
Bucks_Creek_H1,39.9375,-121.1875,39.9012,-121.2283,59,198844,CIPV,55247,18
AlbeniFalls1,48.1875,-117.0625,48.18,-117,42.6,197343,BPAT,85904,PNW
Lower_Salmon_1,42.8125,-114.9375,42.84195,-114.90444,60,196440,IPMV,65969,PNW
Snoqualmie2-6Repower,47.5625,-121.8125,47.54047,-121.83662,40.7,191229,PSEI,83546,PNW
Carmen_Smith_1,44.3125,-122.0625,44.3125,-122.0625,114.3,191071,BPAT,71480,PNW
Little_Falls_1,47.8125,-117.9375,47.82971,-117.91845000000001,32,190508,AVA,84505,PNW
Lookout_Point_1,43.9375,-122.8125,43.91523,-122.75363,120,189327,BPAT,70082,PNW
LaGrande_1,46.8125,-122.3125,46.7901,-122.2867,64,187164,TPWR,80758,PNW
Baker_Station,38.0625,-120.4375,38.040633,-120.457165,55.63,185992,CIPV,48293,18
Oak_Grove_1,45.0625,-121.9375,45.07468,-121.96987,51,182730,PGE,74265,PNW
Toketee_Falls_1,43.3125,-122.4375,43.288413,-122.437,44.01,181962,PACW,67765,PNW
Cowlitz_Falls1,46.4375,-122.0625,46.46654,-122.10982,70,178388,BPAT,79368,PNW
Flatiron_1,40.4375,-105.0625,40.42151,-105.07216,94.5,175615,WACM,57232,10
Flatiron_1,40.4375,-105.0625,40.42151,-105.07216,94.5,175615,WACM,57232,MISSIP
LostCreek_OR1,42.6875,-122.6875,42.66519,-122.67617,49,174462,BPAT,65443,PNW
Chicago_Park_2P,39.1875,-120.8125,39.156407,-120.840051,42,169173,CIPV,52466,18
FriantFR1,36.9375,-119.6875,36.99911,-119.70461,40.59,166324,CIPV,44123,18
Alder11,46.8125,-122.3125,46.798095000000004,-122.334381,50,164032,TPWR,80758,PNW
Green_Peter_1,44.4375,-122.5625,44.4583,-122.525,80,163018,BPAT,71940,PNW
Union_Valley_1,38.8125,-120.4375,38.83241,-120.448547,46.7,155532,BANC,51077,18
JSEastwoodPSInflowHY,37.3125,-119.0625,37.3201,-119.0693,50.8,152220,CISC,45520,18
Drum1-1,39.3125,-120.8125,39.25409,-120.75001,67.2,149012,CIPV,52930,18
Cushman_2_31,47.3125,-123.1875,47.39776,-123.20121,81,143886,TPWR,82607,PNW
Mount_Elbert_1,39.0625,-106.3125,39.1062,-106.3468,200,142084,WACM,52118,11
Mount_Elbert_1,39.0625,-106.3125,39.1062,-106.3468,200,142084,WACM,52118,MISSIP
Pole_Hill_1,40.4375,-105.3125,40.36415,-105.32409,38.2,141351,WACM,57230,10
Pole_Hill_1,40.4375,-105.3125,40.36415,-105.32409,38.2,141351,WACM,57230,MISSIP
Crystal_1,38.4375,-107.5625,38.51049,-107.62357,31.5,141228,WACM,49788,COLO
JSEastwoodPS,37.1875,-119.3125,37.190467,-119.186241,199,139360,CISC,45054,18
NorthFork_OR1,45.3125,-122.3125,45.24414,-122.28109,40.8,138836,PGE,75190,PNW
Narrows2,39.3125,-121.1875,39.39596,-121.14673,55,136628,CIPV,52927,18
Pardee_1,38.1875,-120.9375,38.25267,-120.8476,29.99,135195,CIPV,48753,18
Lemolo_2_1,43.3125,-122.4375,43.299582,-122.357851,38.5,130678,PACW,67765,PNW
Butt_Valley_1,40.0625,-121.1875,40.16965,-121.20773,41,130521,CIPV,55711,18
Caribou1-1,40.0625,-121.1875,40.09121,-121.14532,72,129432,CIPV,55711,18
C_J_Strike_1,42.9375,-115.9375,42.94832,-115.97505,27.6,127683,IPTV,66425,PNW
BlackEagle1,47.4375,-111.3125,47.52116,-111.26127,24,126266,NWMT,83166,10
BlackEagle1,47.4375,-111.3125,47.52116,-111.26127,24,126266,NWMT,83166,MISSIP
Swan_Falls_1,43.1875,-116.4375,43.24347,-116.37901,25,119852,IPTV,67349,PNW
Sullivan_1,45.3125,-122.3125,45.27476,-122.27175,15.4,119683,PGE,75190,PNW
Hauser_HAU1,46.8125,-111.9375,46.76501,-111.88734,17,119241,NWMT,80841,10
Hauser_HAU1,46.8125,-111.9375,46.76501,-111.88734,17,119241,NWMT,80841,MISSIP
Faraday_1,45.3125,-122.4375,45.2679,-122.319,36.6,118177,PGE,75189,PNW
Dutch_Flat_2_3P,39.3125,-120.9375,39.20604,-120.84716,26,115284,CIPV,52929,18
Loon_Lake_H1,39.0625,-120.4375,38.98479,-120.32784,82,114790,BANC,52005,18
Turnbull1,47.5625,-112.1875,47.622694,-112.067889,13,114192,NWMT,83623,10
Turnbull1,47.5625,-112.1875,47.622694,-112.067889,13,114192,NWMT,83623,MISSIP
MiddleGorge1,37.4375,-118.5625,37.46822,-118.56252,37.5,112770,LDWP,45988,18
Seminoe_1,42.1875,-106.9375,42.16769,-106.91149,51.6,110022,WACM,63713,10
Seminoe_1,42.1875,-106.9375,42.16769,-106.91149,51.6,110022,WACM,63713,MISSIP
ControlGorge1,37.4375,-118.5625,37.43818,-118.5564,37.5,107773,LDWP,45988,18
UpperGorge1,37.4375,-118.5625,37.54605,-118.58998,37.5,106595,LDWP,45988,18
HillsCreek1,43.6875,-122.4375,43.71068,-122.42385,30,102172,BPAT,69157,PNW
SanFrancisq2_1,34.4375,-118.4375,34.50382,-118.39252,42,101544,LDWP,34853,18
Monroe_Street_6,47.6875,-117.4375,47.6617,-117.42544,14.8,101518,AVA,84045,PNW
El_Dorado_1,38.8125,-120.6875,38.7935,-120.619,21,99676,CIPV,51075,18
Lemolo1-1,43.3125,-122.3125,43.32254,-122.19441,31.99,99580,PACW,67766,PNW
Gem_State_1,43.4375,-112.0625,43.42085,-112.10203,22.6,98391,PAID,68312,PNW
Dutch_Flat_1,39.3125,-120.9375,39.18986,-120.85918,22,97548,CIPV,52929,18
Cutler_1,41.8125,-111.9375,41.83653,-112.04818,30,97478,PAUT,62281,16
Upper_Salmon1,42.8125,-114.9375,42.77111,-114.89472,18,97208,IPMV,65969,PNW
AndersonRanch1,43.4375,-115.5625,43.35714,-115.45239,40,96904,IPTV,68284,PNW
Electron_1,46.9375,-121.9375,46.90608,-122.03953,22.8,96723,PSEI,81225,PNW
Kortes_1,42.1875,-106.9375,42.17634,-106.87949,36,96441,WACM,63713,10
Kortes_1,42.1875,-106.9375,42.17634,-106.87949,36,96441,WACM,63713,MISSIP
IID_Drop_4_1,32.8125,-115.4375,32.78751,-115.32602,19.6,95594,IID,28845,18
MuckValley,40.9375,-121.1875,41.01502,-121.15497,32.5,95547,CIPV,58959,18
Upper_Salmon3,42.8125,-114.9375,42.77167,-114.9075,16.5,93658,IPMV,65969,PNW
KernRiver3_1,35.6875,-118.4375,35.77561,-118.43588,36.8,93472,CIPV,39493,18
AGWishon1,37.0625,-119.5625,37.15101,-119.50472,22.8,93426,CIPV,44588,18
Alcova1,42.5625,-106.6875,42.5636,-106.70956,41.4,90728,WACM,65107,10
Alcova1,42.5625,-106.6875,42.5636,-106.70956,41.4,90728,WACM,65107,MISSIP
Tulloch_1,37.8125,-120.6875,37.87526,-120.6035,19.7,88828,CIPV,47363,18
Nimbus_1,38.5625,-121.3125,38.63624,-121.21981,17.26,87850,CIPV,50142,18
Shoshone_A,39.5625,-107.3125,39.57,-107.22702,14.4,86931,PSCO,53966,COLO
Post_Falls_1,47.6875,-117.0625,47.74472,-116.94549,14.5,86642,AVA,84048,PNW
Balch1-1,36.8125,-119.1875,36.92559,-119.09651,34,85992,CIPV,43663,18
KernRiver1_1,35.4375,-118.9375,35.45129,-119.03868,25.6,85388,CIPV,38561,18
Leaburg_1,44.0625,-122.8125,44.10109,-122.68901,13.5,85066,BPAT,70546,PNW
Sand_Bar,38.1875,-120.1875,38.18314,-120.15873,18.6,83869,CIPV,48759,18
Haypress_LGEN,39.6875,-120.5625,39.56569,-120.59691,18.76,83182,CIPV,54324,18
Roosevelt,33.6875,-111.1875,33.67389,-111.1568,36.02,82735,SRP,32127,COLO
De_Sabla_1,39.8125,-121.6875,39.93371,-121.61187,18.5,82294,CIPV,54779,18
Smith_Falls1,48.9375,-116.5625,48.92988,-116.65634,38.1,81056,BPAT,88692,PNW
Minidoka_6,42.6875,-113.4375,42.67039,-113.48217,27.7,80902,IPMV,65517,PNW
Etiwanda_Hydro,34.1875,-117.4375,34.09111,-117.52833,24,80825,CISC,33933,18
Cougar_1,44.1875,-122.3125,44.12872,-122.24091,28,79994,BPAT,71014,PNW
Wise1,38.8125,-121.0625,38.88981,-121.09836,17.7,78482,CIPV,51072,18
LakeHodges1,33.0625,-117.1875,33.063203,-117.11975,40,77643,CISD,29759,18
NineMile2Exp,47.8125,-117.5625,47.77495,-117.54379,29.1,77144,AVA,84508,PNW
McNaryFishway,45.9375,-119.3125,45.935591,-119.351077,10,76874,BPAT,77534,PNW
River_Mill_1,45.3125,-122.4375,45.29978,-122.35026,18.8,76517,PGE,75189,PNW
WarmSpringsPwr,44.6875,-121.1875,44.67528,-121.291676,19.6,76320,PACW,72879,PNW
Alamo_1,34.4375,-118.6875,34.49153,-118.61946,18,75755,CISC,34851,18
Monticello_1,38.4375,-122.0625,38.51388,-122.104,12.49,75651,CIPV,49672,18
RioBravo_Hydro1,35.3125,-119.1875,35.39806,-119.29,18.4,74600,CIPV,38095,18
Coleman_1,40.3125,-122.1875,40.39371,-122.12996,13,74449,CIPV,56631,18
Mojave_Siphon_1,34.4375,-117.3125,34.39103,-117.33547,34.5,74007,CISC,34862,18
Foster_1,44.4375,-122.6875,44.41506,-122.67028,20,72652,BPAT,71939,PNW
Packwood,46.5625,-121.6875,46.59575,-121.56946,27.5,71549,BPAT,79835,PNW
Upper_Falls_1,47.6875,-117.4375,47.66307,-117.41506,10,71315,AVA,84045,PNW
Sly_Creek_1,39.5625,-121.0625,39.58609,-121.04032,13,70965,CIPV,53856,18
FremontCanyon1,42.4375,-106.8125,42.49585,-106.8279,66.8,70562,WACM,64642,10
FremontCanyon1,42.4375,-106.8125,42.49585,-106.8279,66.8,70562,WACM,64642,MISSIP
Mormon_Flat_MF1,33.5625,-111.4375,33.55053,-111.43774,65.05,67576,SRP,31661,COLO
Yelm_1,46.9375,-122.5625,46.89956,-122.50412,12,67223,BPAT,81220,PNW
Headgate_Rock_1,34.1875,-114.1875,34.16907,-114.2776,19.5,66573,WALC,33959,COLO
Madison_MAD1,45.5625,-111.5625,45.47001,-111.63837,8.8,65796,NWMT,76204,10
Madison_MAD1,45.5625,-111.5625,45.47001,-111.63837,8.8,65796,NWMT,76204,MISSIP
Navajo_Dam_1,36.8125,-107.6875,36.80563,-107.61386,30,65092,WALC,43755,COLO
PHP1-1,45.5625,-122.1875,45.48175,-122.08286,23.7,64598,PGE,76119,PNW
Forks_Butte1,39.8125,-121.6875,39.86665,-121.61664,14.3,63610,CIPV,54779,18
Rock_Creek_I1,42.6875,-114.5625,42.59613,-114.463285,20.5,63256,IPMV,65508,PNW
WestPoint_1,38.4375,-120.5625,38.42093,-120.54964,14,63112,CIPV,49684,18
Estes_1,40.4375,-105.4375,40.37545,-105.48745,45,62526,WACM,57229,10
Estes_1,40.4375,-105.4375,40.37545,-105.48745,45,62526,WACM,57229,MISSIP
Grace_3,42.5625,-111.8125,42.58734,-111.72811,33,62043,PAID,65066,16
Halsey_1,38.9375,-121.0625,38.96658,-121.05959,13.5,59859,CIPV,51536,18
Big_Cliff_1,44.6875,-122.3125,44.733751,-122.313998,18,59734,BPAT,72870,PNW
BlackCanyon1,43.8125,-116.5625,43.93055,-116.43794,12,59240,IPTV,69668,PNW
Tesla_1,38.9375,-104.8125,38.95857,-104.83304,27.6,57855,WACM,51666,11
Tesla_1,38.9375,-104.8125,38.95857,-104.83304,27.6,57855,WACM,51666,MISSIP
Glendo_1,42.4375,-104.9375,42.4686,-104.95836,38,56944,WACM,64657,10
Glendo_1,42.4375,-104.9375,42.4686,-104.95836,38,56944,WACM,64657,MISSIP
Boysen1,43.4375,-108.1875,43.35933,-108.28112,15,54968,WACM,68343,10
Boysen1,43.4375,-108.1875,43.35933,-108.28112,15,54968,WACM,68343,MISSIP
Twin_Falls_1,42.5625,-114.4375,42.5891,-114.355,52.73,54446,IPMV,65045,PNW
Newcastle_1,38.8125,-121.0625,38.86216,-121.12543,12,53208,CIPV,51072,18
Buffalo_Bill_1,44.5625,-109.0625,44.51031,-109.15571,18,52569,WACM,72512,10
Buffalo_Bill_1,44.5625,-109.0625,44.51031,-109.15571,18,52569,WACM,72512,MISSIP
Volta1-1,40.4375,-121.9375,40.45991,-121.86589,9.1,52114,CIPV,57097,18
Beardsley_1,38.1875,-120.1875,38.20331,-120.07609,11.5,51853,CIPV,48759,18
Snoqualmie1-1Repower,47.5625,-121.9375,47.54155,-121.83759,13.9,51530,PSEI,83545,PNW
Robbs_Peak_1,38.8125,-120.4375,38.89694,-120.37824,24.3,51525,BANC,51077,18
Upriver_Dam1,47.6875,-117.4375,47.681628,-117.329886,17.7,51091,AVA,84045,PNW
Fish_Creek_1,43.3125,-122.4375,43.21074,-122.42671,11,51021,PACW,67765,PNW
Fontenelle_1,42.0625,-110.1875,42.02736,-110.06461,10,50064,WACM,63223,COLO
Broadwater,46.1875,-111.4375,46.151664,-111.458944,10,49581,NWMT,78525,10
Broadwater,46.1875,-111.4375,46.151664,-111.458944,10,49581,NWMT,78525,MISSIP
Twin_Falls1,47.5625,-121.8125,47.44412,-121.68761,24,48444,PSEI,83546,PNW
Rush_Creek_1,37.6875,-119.0625,37.78439,-119.16435,11.5,48399,CISC,46912,18
French_Meadows,39.0625,-120.4375,39.07751,-120.40594,18.5,48347,CIPV,52005,18
Kern_Canyon_1,35.1875,-118.9375,35.29441,-118.90517,11.5,46625,CIPV,37633,18
Dexter_1,43.9375,-122.8125,43.92372,-122.80555,15,46621,BPAT,70082,PNW
IsabellaHydroGEN1,35.5625,-118.5625,35.64447,-118.47652,11.8,46362,CISC,39028,18
Green_Springs,42.1875,-122.4375,42.12931,-122.47874,17.2,46351,BPAT,63589,18
Borel1,35.5625,-118.5625,35.62007,-118.44666,11,46293,CISC,39028,18
Poole_1,37.9375,-119.1875,37.95653,-119.23618,10.9,45874,CISC,47839,18
Inskip_1,40.4375,-122.0625,40.40117,-121.96371,8,45815,CIPV,57096,18
Lower_Malad_1,42.8125,-114.9375,42.81151,-114.87683,13.5,45464,IPMV,65969,PNW
San_Dimas_1,34.1875,-117.9375,34.10971,-117.81275,9.9,45374,CISC,33929,18
Camanche_1,38.1875,-120.9375,38.22353,-121.02382,9.99,45036,CIPV,48753,18
SouthForkTolt,47.4375,-121.4375,47.42969,-121.5443,16.8,44789,SCL,83085,PNW
Clearwater2,43.3125,-122.4375,43.292433,-122.42741,26,43988,PACW,67765,PNW
Kerckhoff_H1,37.0625,-119.5625,37.09242,-119.55298,38.6,43890,CIPV,44588,18
IID_Drop_2_1,32.8125,-115.4375,32.78751,-115.32602,10,43518,IID,28845,18
Clearwater1,43.3125,-122.4375,43.25108,-122.33789,15,43176,PACW,67765,PNW
IID_Drop_3_1,32.8125,-115.4375,32.78751,-115.32602,9.8,42637,IID,28845,18
Mystic_MYS1,45.3125,-109.6875,45.24342,-109.73235,10,42622,NWMT,75291,10
Mystic_MYS1,45.3125,-109.6875,45.24342,-109.73235,10,42622,NWMT,75291,MISSIP
Roza_1,46.6875,-120.4375,46.74911,-120.46564,12.9,41429,BPAT,80309,PNW
Potter_Valley_1,39.4375,-123.1875,39.36385,-123.12889,10.1,41410,CIPV,53375,18
SepulvedaCanyon,33.9375,-118.4375,34.03294,-118.46057,9,41253,LDWP,32997,18
FoothillFeeder1,34.4375,-118.5625,34.54384,-118.559139,9,41246,LDWP,34852,18
Waddell-PS1,33.8125,-112.3125,33.84692,-112.26637,30.4,40864,WALC,32582,COLO
South_1,40.4375,-121.9375,40.40241,-121.87566,7.1,40661,CIPV,57097,18
Abiquiu1,36.1875,-106.3125,36.20969,-106.41618,16.8,39956,PNM,41446,13
PHP_2_2,45.5625,-122.1875,45.44458,-122.15411,11.8,39739,PGE,76119,PNW
Oneida_1,42.3125,-111.6875,42.27575,-111.74954,30,38892,PAID,64139,16
Portal,37.4375,-119.1875,37.32688,-119.13688,10.8,38122,CISC,45983,18
Cascade_ID_1,44.3125,-115.6875,44.42321,-115.717,12.4,37584,IPTV,71531,PNW
Foothill_LA,34.3125,-118.3125,34.35216,-118.28892,11,37045,LDWP,34390,18
Kelly_Ridge_1,39.5625,-121.5625,39.53287,-121.48555,11,37045,CIPV,53852,18
Cedar_Falls_5,47.4375,-121.6875,47.41336,-121.7533,30,36432,SCL,83083,PNW
Milner_Hydro_1,42.5625,-113.9375,42.52531,-114.00976,118.07,35683,IPMV,65049,PNW
BriggsCreek1,42.6875,-114.5625,42.708373,-114.455546,10.56,35502,CIPV,65508,PNW
MillCreek_OR,45.1875,-121.1875,45.217268,-121.287014,10.5,35361,CIPV,74735,PNW
Rollins,39.0625,-120.9375,39.13529,-120.95593,13.5,35280,CIPV,52001,18
MainCanal,47.5625,-119.1875,47.61635,-119.29837,26.8,34535,TPWR,83567,PNW
Venice_1,33.9375,-118.4375,34.00074,-118.37841,10.14,34149,CISC,32997,18
Spaulding1-1,39.3125,-120.6875,39.31821,-120.68045,7.67,34009,CIPV,52931,18
Spaulding_2_1,39.3125,-120.6875,39.3414,-120.66662,7.67,34009,CIPV,52931,18
StewartMountain,33.5625,-111.4375,33.5651,-111.53662,10.4,33569,SRP,31661,COLO
BishopCreek3-1,37.4375,-118.5625,37.32345,-118.54238,7.95,33458,CISC,45988,18
BishopCreek4-1,37.4375,-118.5625,37.3502,-118.52259,7.94,33414,CISC,45988,18
Stone_Creek_1,45.0625,-121.9375,45.10647,-121.81756,12,33302,PGE,74265,PNW
Chili_Bar_1,38.8125,-120.9375,38.7715,-120.8128,7,33225,CIPV,51073,18
Olsen_GEN1,40.8125,-122.3125,40.73512,-122.1944,5.8,33215,CIPV,58486,18
BishopCreek2-1,37.1875,-118.6875,37.29481,-118.58884,7.73,32531,CISC,45059,18
Koma_Kulshan,48.5625,-121.8125,48.685,-121.8066,12,31967,PSEI,87258,PNW
Spring_Gap_1,38.1875,-120.1875,38.18662,-120.11243,7,31563,CIPV,48759,18
Walterville_1,44.0625,-122.9375,44.06904,-122.81521,8,31150,BPAT,70545,PNW
DeerCreek(CA)_1,39.3125,-120.9375,39.29833,-120.84306,7,31038,CIPV,52929,18
Bypass_GEN1,42.5625,-113.9375,42.561969,-114.052401,9.96,30735,IPMV,65049,PNW
an_Fer9999do_1,34.1875,-118.4375,34.28188,-118.44074,5.6,29958,LDWP,33925,18
HorseshoBendHY1,43.9375,-116.1875,43.90851,-116.19089,9.5,29312,IPTV,70135,PNW
Chandler_1,46.3125,-119.4375,46.28139,-119.49797,12,29226,BPAT,78925,PNW
Spaulding_3_1,39.3125,-120.6875,39.32456,-120.64368,6.5,28821,CIPV,52931,18
Tule_River1,36.0625,-118.8125,36.0608,-118.91991,8.4,28288,CIPV,40882,18
FallsRiver_ID1,44.0625,-111.4375,44.064827,-111.355137,9.1,28076,IPFE,70637,PNW
Prospect3,42.6875,-122.4375,42.70538,-122.37225,7.2,28038,PACW,65445,PNW
MagicDam1,43.1875,-114.3125,43.190674,-114.324152,9,27774,IPMV,67366,PNW
Bowman_GEN1,39.3125,-120.6875,39.29384,-120.60226,6.25,27712,CIPV,52931,18
Tunnel,43.5625,-117.3125,43.651655,-117.245276,7,27258,IPTV,68734,PNW
Grizzly_NA1,39.8125,-121.4375,39.9029,-121.34282,20,27186,CIPV,54781,18
ThousandSpring1,42.8125,-114.9375,42.74202,-114.83994,8.8,27156,IPMV,65969,PNW
Upper_Molina_1,39.1875,-107.9375,39.10345,-107.90037,8.64,27069,WALC,52569,COLO
Perris_1,33.8125,-117.1875,33.83593,-117.18289,7.94,26740,CISC,32543,18
Oxbow_(CA)_1,38.9375,-120.8125,39.02959,-120.75039,6,26604,CIPV,51538,18
Gross_Hydro,40.0625,-105.3125,39.9478,-105.358,7.8,26268,PSCO,55838,10
Gross_Hydro,40.0625,-105.3125,39.9478,-105.358,7.8,26268,PSCO,55838,MISSIP
Centerville1,39.8125,-121.6875,39.87183,-121.61194,5.9,26245,CIPV,54779,18
BlackButte,39.9375,-122.3125,39.81479,-122.33019,6.2,26132,CIPV,55238,18
WilsonLake1,42.5625,-114.1875,42.59095,-114.171249,8.4,25920,IPMV,65047,PNW
LowLineMdwy2SoForks2,43.5625,-115.1875,43.528095,-115.063079,8,25814,IPMV,68751,PNW
Haiwee_1,36.0625,-118.0625,36.14671,-117.97757,5.6,25686,LDWP,40888,18
Upper_Malad_1,42.8125,-114.9375,42.8655,-114.86891,8.27,25520,IPMV,65969,PNW
Marys_Lake_1,40.4375,-105.4375,40.34418,-105.53425,8.1,25376,WACM,57229,10
Marys_Lake_1,40.4375,-105.4375,40.34418,-105.53425,8.1,25376,WACM,57229,MISSIP
DallesDamNorthFshwy,45.5625,-121.1875,45.6137,-121.13367,6.5,25311,BPAT,76127,PNW
YoungsCreek,47.8125,-121.9375,47.791609,-121.821662,7.5,25258,BPAT,84473,PNW
Tiber_Dam,48.3125,-111.0625,48.3181,-111.103,7.5,25258,WAUW,86416,10
Tiber_Dam,48.3125,-111.0625,48.3181,-111.103,7.5,25258,WAUW,86416,MISSIP
GreenMountain1,39.9375,-106.3125,39.8783,-106.3319,26,24998,WACM,55366,COLO
S_E_Hazelton1,42.5625,-114.1875,42.58822,-114.070169,8.1,24993,IPMV,65047,PNW
HatCreek2,40.9375,-121.5625,40.94992,-121.54238,8.5,24989,CIPV,58956,18
HatCreek1,40.9375,-121.5625,40.94167,-121.55021,8.5,24989,CIPV,58956,18
IID_Drop1-1,32.8125,-115.4375,32.78751,-115.32602,5.7,24765,IID,28845,18
LowerNo12,43.5625,-112.0625,43.47167,-112.06,8,24684,BPAT,68776,PNW
UpperPwr4,43.5625,-112.0625,43.55531,-112.04548,8,24684,BPAT,68776,PNW
Kekawaka,40.0625,-123.5625,40.0945,-123.55834,6,24600,CIPV,55692,18
LowLineRapids,42.5625,-114.4375,42.529307,-114.365939,7.97,24592,IPMV,65045,PNW
Frankenheimer,37.8125,-120.6875,37.83041,-120.80696,8.75,24519,CIPV,47363,18
NorthHollywood1-1,34.1875,-118.3125,34.193948,-118.39021,5.4,24402,LDWP,33926,18
Jones_Fork,38.8125,-120.4375,38.85023,-120.3818,11.5,24384,BANC,51077,18
Hazelton_B1,42.5625,-114.1875,42.596396,-114.097116,7.6,23452,IPMV,65047,PNW
Yorba_Linda,33.8125,-117.9375,33.91249,-117.82019,5.1,23375,CISC,32537,18
Whiskeytown_1,40.4375,-122.3125,40.55205,-122.40766,3.5,23373,BANC,57094,18
SanGabrielHydroU1,34.0625,-118.1875,34.09612,-118.10761,5,22921,LDWP,33463,18
LakeMathews,33.9375,-117.5625,33.85479,-117.4539,4.9,22475,CISC,33004,18
Wynoochee,47.0625,-123.6875,47.14559,-123.78185,12.8,22317,TPWR,81675,PNW
PEC_Headworks_1,46.9375,-119.3125,46.98273,-119.25843,6.6,22007,GCPD,81246,PNW
Kaweah3-1,36.5625,-118.6875,36.56995,-118.68252,4.76,21816,CISC,42739,18
El_Vado_Dam_1,36.5625,-106.6875,36.59645,-106.72731,8.8,21677,PNM,42835,13
Siphon1,44.0625,-121.3125,44.034944,-121.318837,5.4,21028,PACW,70558,PNW
Guernsey_1,42.1875,-104.6875,42.28742,-104.74222,6.4,20374,WACM,63731,10
Guernsey_1,42.1875,-104.6875,42.28742,-104.74222,6.4,20374,WACM,63731,MISSIP
BishopCreek5-1,37.4375,-118.5625,37.35312,-118.46796,4.77,20074,CISC,45988,18
FeltHydro1,43.9375,-111.3125,43.88107,-111.189805,6.5,20057,IPFE,70174,PNW
Red_Mountain_1,33.3125,-117.3125,33.39449,-117.18902,5.9,19870,CISC,30686,18
OwyheeDam,43.5625,-117.3125,43.651655,-117.245276,5,19468,IPTV,68734,PNW
Hatchet_Creek,40.9375,-121.9375,40.8775,-121.86528,6.8,19447,CIPV,58953,18
Slate_Creek,40.8125,-122.3125,40.73512,-122.1944,4.2,19205,PACW,58486,18
ManitouSprings1,38.8125,-105.0625,38.8767,-104.993,6,18804,WACM,51200,11
ManitouSprings1,38.8125,-105.0625,38.8767,-104.993,6,18804,WACM,51200,MISSIP
Valley_View_1,33.8125,-117.9375,33.90007,-117.82905,4.1,18779,CISC,32537,18
Kilarc_1,40.6875,-121.9375,40.6773,-121.87244,3.2,18324,CIPV,58025,18
Vallecito1,37.3125,-107.6875,37.38337,-107.5662,5.8,18175,PSCO,45611,COLO
NewHogan1,38.1875,-120.9375,38.14961,-120.81497,4,18032,CIPV,48753,18
EchoDam1,40.9375,-111.4375,40.96562,-111.43091,4.5,17838,PAUT,59037,16
TietonDamHydroUNIT1,46.6875,-121.0625,46.658833,-121.129946,13.8,17780,BPAT,80304,PNW
IID_Drop_5_1,32.8125,-115.6875,32.69078,-115.6567,4,17380,IID,28843,18
NorthFork_CO,39.4375,-105.5625,39.45802,-105.66393,5.5,17231,PSCO,53516,10
NorthFork_CO,39.4375,-105.5625,39.45802,-105.66393,5.5,17231,PSCO,53516,MISSIP
San_Joaquin_3_3,37.1875,-119.5625,37.25398,-119.51932,4.2,17210,CIPV,45052,18
Spicer_Meadow1,38.0625,-120.4375,38.142527,-120.456833,6.1,17097,CIPV,48293,18
MillCreek1,34.0625,-117.1875,34.09083,-117.11889,5,16840,CISC,33471,18
BigCreekWW,40.6875,-123.3125,40.617121,-123.414244,5,16839,CIPV,58014,18
Hellroaring1,48.3125,-114.6875,48.407618,-114.747188,4.9,16503,CIPV,86387,PNW
Interlakes_1,52.8125,-113.9375,52.766984,-114.023529,5,15984,CIPV,NA,NA
HeartMountain,44.5625,-109.0625,44.51221,-109.12775,5,15915,WACM,72512,10
HeartMountain,44.5625,-109.0625,44.51221,-109.12775,5,15915,WACM,72512,MISSIP
Ruedi_1,39.3125,-106.9375,39.36313,-106.81832,5,15666,PSCO,53041,COLO
Rancho,32.9375,-117.1875,32.936554,-117.113353,4.65,15660,CISD,29295,18
Santa_Ana1-1,34.0625,-117.0625,34.14535,-117.05924,3.2,14664,CISC,33472,18
Prospect1,42.6875,-122.5625,42.72399,-122.5167,3.76,14641,PACW,65444,PNW
BigPine,37.1875,-118.3125,37.13966,-118.32163,3.2,14503,CISC,45062,18
Tacoma_1,37.4375,-107.8125,37.52372,-107.78292,4.6,14414,PSCO,46074,COLO
SpiritMountain1,44.5625,-109.0625,44.52222,-109.06967,4.5,14324,WACM,72512,10
SpiritMountain1,44.5625,-109.0625,44.52222,-109.06967,4.5,14324,WACM,72512,MISSIP
Pleasant_Valley,37.4375,-118.5625,37.4127,-118.51942,3.2,14248,LDWP,45988,18
Santa_Ana_3_1,34.0625,-117.1875,34.09844,-117.10584,3.1,14205,CISC,33471,18
BigThompson,40.4375,-105.1875,40.42122,-105.2202,4.5,14101,WACM,57231,10
BigThompson,40.4375,-105.1875,40.42122,-105.2202,4.5,14101,WACM,57231,MISSIP
FargoDrop,43.5625,-115.1875,43.528095,-115.063079,4.22,14085,IPTV,68751,PNW
Woodward,37.8125,-120.8125,37.86064,-120.879,5,14012,CIPV,47362,18
CoveHydro1,40.9375,-121.5625,40.97513,-121.51561,5,14012,CIPV,58956,18
Bear_Creek,40.4375,-121.8125,40.51246,-121.808139,5,14011,CIPV,57098,18
Rock_Creek_LP1,38.8125,-120.8125,38.78343,-120.77847,5,14008,CIPV,51074,18
StonyGorge1,39.6875,-122.4375,39.58628,-122.53299,5,14008,CIPV,54309,18
BoxCanyonPACW1,48.8125,-117.4375,48.779066,-117.417996,5,14008,PACW,88221,PNW
Dietrich_Drop,42.9375,-114.1875,42.863843,-114.081046,4.5,13886,IPMV,66439,PNW
YakamaDrop2,32.8125,-115.4375,32.77325,-115.337324,4.1,13807,BPAT,28845,18
Kanaka_KAN1,39.5625,-121.4375,39.551281,-121.341008,2.5,13647,CIPV,53853,18
NewLahontan,39.5625,-118.6875,39.450783,-118.762968,4,13471,SPPC,53875,16
ShoshnFalls1,42.5625,-114.4375,42.5973,-114.404,12.5,13394,IPMV,65045,PNW
Soda_1,42.5625,-111.8125,42.64464,-111.69668,14,13316,PAID,65066,16
Narrows1,39.1875,-121.3125,39.25668,-121.2499,12,13296,CIPV,52462,18
MoyieSprings1,48.6875,-116.1875,48.73395,-116.17525,3.9,13135,BPAT,87767,PNW
La_Grange_1,37.6875,-120.4375,37.67189,-120.44452,5.2,13131,TIDC,46901,18
San_Joaquin_2_1,37.1875,-119.5625,37.22935,-119.48662,3.2,13112,CIPV,45052,18
Lundy1,37.9375,-119.1875,38.04867,-119.20484,3,13081,CISC,47839,18
MiddleForkIrrD1,45.5625,-121.6875,45.492626,-121.596771,3.3,12851,BPAT,76123,PNW
BarberDamGEN1,43.5625,-116.0625,43.56647,-116.116147,4.1,12651,IPTV,68744,PNW
WarmSprings,38.6875,-122.9375,38.717855,-122.999496,3.75,12629,CIPV,50593,18
Murphys_1,38.0625,-120.4375,38.12665,-120.46222,4.5,12611,CIPV,48293,18
EastSide,42.3125,-121.8125,42.23435,-121.80152,3.2,12459,PACW,64058,18
NacimientoHydro1,35.9375,-120.9375,35.8339,-120.97623,4.4,12332,CIPV,40401,18
QuincyChute,47.1875,-119.8125,47.16387,-119.89668,9.4,12113,GCPD,82170,PNW
LytleCreek1,34.0625,-117.3125,34.155283,-117.398005,2.8,11870,CISC,33470,18
Idylwilde_1,39.3125,-104.4375,39.249357,-104.528778,3.47,11684,CIPV,53061,10
Idylwilde_1,39.3125,-104.4375,39.249357,-104.528778,3.47,11684,CIPV,53061,MISSIP
Azusa,34.1875,-117.9375,34.13358,-117.90988,2.5,11453,CISC,33929,18
Santa_Felicia1,34.4375,-118.8125,34.47905,-118.770759,1.3,11394,CISC,34850,18
Towaoc_1,37.5625,-108.5625,37.45706,-108.54281,11.5,11378,WACM,46532,COLO
AmesHydro,37.8125,-107.8125,37.864,-107.881,3.6,11279,PSCO,47466,COLO
Upper_Dawson_1,37.6875,-120.4375,37.65045,-120.47071,4.4,11110,TIDC,46901,18
McSwain_1,37.5625,-120.3125,37.52221,-120.31005,10,10989,CIPV,46438,18
Lakewood_Hydro,40.0625,-105.3125,40.0114,-105.335,3.5,10965,PSCO,55838,10
Lakewood_Hydro,40.0625,-105.3125,40.0114,-105.335,3.5,10965,PSCO,55838,MISSIP
Williams_Fork1,40.0625,-106.3125,40.03521,-106.20528,3.5,10964,WACM,55830,COLO
Eagle_Point_1,42.5625,-122.6875,42.54644,-122.56359,2.81,10954,PACW,64979,PNW
Franklin_1,29.6875,-91.5625,29.796708,-91.517569,2,10695,LDWP,17436,MISSIP
Coyote_Creek_1,33.8125,-117.9375,33.92491,-117.95512,3.13,10541,CISC,32537,18
Site_980_65,36.9375,-120.0625,36.994725,-120.001309,3.75,10509,CIPV,44120,18
Parker_1,37.3125,-120.1875,37.2827,-120.26625,3.75,10509,CIPV,45511,18
Clear_Lake_CA,38.9375,-122.5625,38.925892,-122.566813,3.75,10509,CIPV,51524,18
Silver_Lake,40.0625,-105.6875,40.0283,-105.577,3.3,10341,PSCO,55835,10
Silver_Lake,40.0625,-105.6875,40.0283,-105.577,3.3,10341,PSCO,55835,COLO
Silver_Lake,40.0625,-105.6875,40.0283,-105.577,3.3,10341,PSCO,55835,MISSIP
Kaweah1,36.4375,-118.8125,36.52144,-118.72951,2.25,10312,CISC,42274,18
East_Highline_1,32.6875,-115.5625,32.68222,-115.49457,2.4,10302,IID,28380,18
BoiseRDiversion1A,43.6875,-116.3125,43.590979,-116.19454,3.3,10185,IPTV,69206,PNW
Stampede_1,39.4375,-120.0625,39.4708,-120.09572,3.6,10089,CIPV,53400,16
Fall_Creek_1,41.8125,-122.5625,41.88419,-122.55319,2.2,10046,PACW,62196,18
Upper_Beaver_1,38.3125,-112.6875,38.27352,-112.64132,2.52,9986,PAUT,49283,16
SouthDryCreekHydro1,45.1875,-109.3125,45.084007,-109.379263,2,9917,NWMT,74830,10
SouthDryCreekHydro1,45.1875,-109.3125,45.084007,-109.379263,2,9917,NWMT,74830,MISSIP
Washoe_1,39.5625,-119.9375,39.5212,-119.96613,2.6,9866,SPPC,53865,16
LakeMendocino,39.3125,-123.0625,39.200002,-123.185703,3.5,9808,CIPV,52912,18
ClrwatrFishHtch,48.1875,-116.3125,48.138045,-116.43166,2.9,9766,CIPV,85910,PNW
Crosscut_CC5,33.3125,-112.1875,33.27654,-112.18717,3,9734,SRP,30727,COLO
Foothills_CO,39.4375,-104.9375,39.34788,-104.99471,3.1,9711,PSCO,53521,10
Foothills_CO,39.4375,-104.9375,39.34788,-104.99471,3.1,9711,PSCO,53521,MISSIP
BoulderCanyon1,40.0625,-105.3125,40.0046,-105.333,20,9686,PSCO,55838,10
BoulderCanyon1,40.0625,-105.3125,40.0046,-105.333,20,9686,PSCO,55838,MISSIP
Temescal_1,33.8125,-117.6875,33.89225,-117.58079,2.85,9598,CISC,32539,18
Corona_1,33.8125,-117.6875,33.87517,-117.56882,2.85,9598,CISC,32539,18
Shoshone_1,44.5625,-109.0625,44.50305,-109.17976,3,9549,WACM,72512,10
Shoshone_1,44.5625,-109.0625,44.50305,-109.17976,3,9549,WACM,72512,MISSIP
ThermalitoDiverson,39.4375,-121.6875,39.51269,-121.62598,3.4,9527,CIPV,53387,18
Betasso_Hydro,40.0625,-105.3125,40.01171,-105.33456,3,9400,PSCO,55838,10
Betasso_Hydro,40.0625,-105.3125,40.01171,-105.33456,3,9400,PSCO,55838,MISSIP
Grand_Valley1,39.1875,-108.3125,39.12783,-108.32517,3,9398,PSCO,52566,COLO
Mile28Water1,42.5625,-114.3125,42.605645,-114.209784,3,9258,BPAT,65046,PNW
LowerNo21,43.5625,-112.0625,43.46868,-112.06245,3,9258,IPMV,68776,PNW
Turlock_Lake_1,37.6875,-120.6875,37.61173,-120.59449,3.3,9246,TIDC,46899,18
Verdi_1,39.5625,-119.9375,39.52311,-119.97951,2.4,9108,SPPC,53865,16
MoccasinLowHead,37.8125,-120.3125,37.80829,-120.29741,3.2,8966,CIPV,47366,18
Deadwood_Creek,39.4375,-121.1875,39.538084,-121.151962,2,8897,CIPV,53391,18
LittleWoodHydro,43.4375,-114.0625,43.498177,-114.005716,2.85,8793,IPMV,68296,PNW
Springville,34.1875,-119.1875,34.22752,-119.084429,1,8764,CISC,33919,18
Tule_River3,36.0625,-118.8125,36.13188,-118.86347,2.6,8754,CISC,40882,18
Camp_Far_West_1,39.0625,-121.3125,39.04736,-121.31225,7.9,8753,CIPV,51998,18
Kaweah2,36.4375,-118.9375,36.453988,-118.904791,1.79,8220,CISC,42273,18
MichellButte,43.5625,-117.3125,43.655144,-117.253888,2.09,8137,IPTV,68734,PNW
BirchCreek1,43.9375,-112.3125,43.84138,-112.422529,2.6,8024,IPFE,70166,PNW
Burney_Creek,40.9375,-121.5625,40.87592,-121.679109,3,7945,CIPV,58956,18
Pilot_Knob_1,33.0625,-115.1875,33.06013,-115.07237,33,7920,IID,29775,18
Russell_D_smith,46.9375,-119.1875,46.909205,-119.13746,6.1,7861,SCL,81247,PNW
Sugarloaf,39.1875,-106.3125,39.25711,-106.37489,2.5,7834,PSCO,52582,11
Sugarloaf,39.1875,-106.3125,39.25711,-106.37489,2.5,7834,PSCO,52582,MISSIP
Clear_Lake_ID,42.6875,-114.8125,42.66964,-114.77749,2.5,7715,IPMV,65506,PNW
Fleish_1,39.5625,-119.9375,39.45219,-120.00565,2,7590,SPPC,53865,16
CrystalSprings,42.6875,-114.5625,42.654752,-114.655671,2.44,7531,IPMV,65508,PNW
MontgomeryCreekHydro,40.5625,-122.0625,40.6712,-122.00749,2.6,7287,CIPV,57560,18
Taylor_Draw,40.0625,-108.8125,40.120306,-108.70635299999999,2.3,7207,PSCO,55810,COLO
BishopCreek6-1,37.4375,-118.5625,37.350718,-118.463781,1.69,7112,CISC,45988,18
Cottonwood_1,36.4375,-118.0625,36.416,-118.0388,1.5,6858,CISC,42280,18
Lahontan_1,39.4375,-118.9375,39.435792,-119.044107,1.8,6825,SPPC,53409,16
FlintCreek,46.9375,-96.9375,46.905174,-97.034267,2,6735,NWMT,81425,9
Toadtown_1,39.8125,-121.6875,39.806256,-121.579073,1.5,6672,CIPV,54779,18
HamiltonBranch1,40.1875,-121.0625,40.275,-121.09028,4.8,6524,CIPV,56176,18
Rio_Hondo_1,33.9375,-118.1875,33.956305,-118.205774,1.91,6432,CISC,32999,18
LateralVentures,42.6875,-114.8125,42.59349,-114.744934,2.06,6356,IPMV,65506,PNW
Nooksack,47.8125,-122.0625,47.791113,-121.990585,2.5,6342,CIPV,84472,PNW
Hillcrest_PS,39.6875,-104.9375,39.644073,-104.920166,2,6265,PSCO,54449,10
Hillcrest_PS,39.6875,-104.9375,39.644073,-104.920166,2,6265,PSCO,54449,MISSIP
MoraDrop,43.5625,-116.5625,43.462503,-116.473593,1.85,6230,IPTV,68740,PNW
Elk_Creek,45.3125,-116.3125,45.213234,-116.314053,2,6171,IPTV,75238,PNW
WhitewaterHydroWWHI,33.8125,-116.4375,33.823215,-116.512114,1.3,5950,CISC,32549,18
Rock_Creek_II1,42.5625,-114.4375,42.50373,-114.463626,1.9,5862,IPMV,65045,PNW
Volta_2_1,40.4375,-121.9375,40.434632,-121.870549,1,5727,CIPV,57097,18
Dillon_Hydro,39.6875,-106.0625,39.603274,-105.987584,1.8,5638,PSCO,54440,COLO
Phoenix_1,38.0625,-120.4375,38.002576,-120.390907,2,5605,CIPV,48293,18
Roaring_Creek1,40.9375,-121.9375,40.906113,-121.937435,2,5605,CIPV,58953,18
Alta_PH1,39.3125,-120.9375,39.209047,-120.816655,2,5604,CIPV,52929,18
LimeSaddle1,39.5625,-121.5625,39.596701,-121.53851,2,5604,CIPV,53852,18
GosselinHydroGEN1,40.5625,-123.6875,40.471325,-123.794393,2,5604,CIPV,57547,18
Cow_Creek_1,40.4375,-122.0625,40.559828,-122.038955,2,5602,CIPV,57096,18
Weeks_Falls,47.5625,-121.8125,47.47366,-121.752414,4.3,5539,PSEI,83546,PNW
EastPortalGenerator1,34.1875,-118.5625,34.25778,-118.614259,1.2,5503,LDWP,33924,18
ThreeForksWater,40.3125,-123.4375,40.205879,-123.497198,1.8,5044,CIPV,56621,18
BidwellDitchGEN1,40.8125,-121.5625,40.751538,-121.4883,1.8,5044,CISC,58492,18
San_Dimas_Wash,34.1875,-117.8125,34.124127,-117.803849,1.05,4811,CIPV,33930,18
BlackCreek,47.5625,-121.8125,47.4673,-121.738646,3.7,4768,PSEI,83546,PNW
StrawberryCreek1,42.8125,-110.9375,42.90447,-110.853799,1.5,4767,WAUW,66001,PNW
LostCreek_CA,40.9375,-121.5625,40.927018,-121.599844,1.7,4765,CIPV,58956,18
BlindCanyon,42.6875,-114.8125,42.69609,-114.802646,1.5,4629,IPMV,65506,PNW
LittleMac1,42.6875,-114.5625,42.62253,-114.674089,1.5,4621,IPMV,65508,PNW
GregAvenue1,34.1875,-118.3125,34.209453,-118.351948,1,4587,LDWP,33926,18
Tulare_Success,36.0625,-118.8125,36.057498,-118.914416,1.63,4566,CISC,40882,18
PointLomaHY,39.0625,-120.9375,39.079547,-120.955952,1.35,4546,CIPV,52001,18
SouthConsol,33.4375,-112.1875,33.44826,-112.075774,1.4,4541,SRP,31191,COLO
Redlands,39.0625,-108.5625,39.067418,-108.58883,1.4,4387,PSCO,52100,COLO
Salida_1,38.5625,-106.3125,38.53927,-106.192046,1.4,4386,PSCO,50262,11
Salida_1,38.5625,-106.3125,38.53927,-106.192046,1.4,4386,PSCO,50262,COLO
Salida_1,38.5625,-106.3125,38.53927,-106.192046,1.4,4386,PSCO,50262,MISSIP
Bend1,44.0625,-121.3125,44.06159,-121.311289,1.11,4323,PACW,70558,PNW
KaselWitherpoonCoLS1,42.6875,-114.5625,42.586126,-114.440513,1.4,4320,IPMV,65508,PNW
CombieSouth1,38.9375,-121.0625,39.013536,-121.103768,1.5,4200,CIPV,51536,18
DivisionCreek,34.3125,-117.9375,34.314818,-117.817293,1.24,4176,CIPV,34393,18
Marco_Ranch_1,42.6875,-114.5625,42.72792,-114.507699,1.2,4040,IPMV,65508,PNW
McPhee_1,37.4375,-108.4375,37.354665,-108.553665,1.28,4011,WALC,46069,COLO
Angels,38.0625,-120.4375,38.07254,-120.539579,1.4,3922,CIPV,48293,18
Prospect4,42.6875,-122.5625,42.77523,-122.524273,1,3893,PACW,65444,PNW
Koyle_Ranch,42.9375,-114.6875,42.947103,-114.791421,1.25,3857,IPMV,66435,PNW
Merced_Falls_1,37.5625,-120.3125,37.52255,-120.32934,3.5,3846,CIPV,46438,18
Ruxton_Park_1,38.8125,-104.8125,38.853617,-104.911954,1.2,3760,WACM,51202,11
Ruxton_Park_1,38.8125,-104.8125,38.853617,-104.911954,1.2,3760,WACM,51202,MISSIP
Georgetown_1,39.8125,-86.1875,39.872,-86.244417,1.2,3758,PSCO,55063,5
Georgetown_1,39.8125,-86.1875,39.872,-86.244417,1.2,3758,PSCO,55063,MISSIP
Oak_Flat_1,39.8125,-121.0625,39.882978,-121.051997,1.3,3642,CIPV,54784,18
St.Johns,34.8125,-118.0625,34.902087,-118.136549,1.08,3637,CISC,36248,18
Cascade_CO,38.8125,-104.8125,38.855768,-104.932289,1,3368,CIPV,51202,11
Cascade_CO,38.8125,-104.8125,38.855768,-104.932289,1,3368,CIPV,51202,MISSIP
NelsonCreek1296,40.9375,-121.9375,41.02049,-121.914299,1.2,3364,CIPV,58953,18
Strontia1,39.5625,-105.0625,39.477732,-105.069309,1,3128,PSCO,53984,10
Strontia1,39.5625,-105.0625,39.477732,-105.069309,1,3128,PSCO,53984,MISSIP
PonderosaBaileyCreek,40.4375,-121.9375,40.434632,-121.870549,1.1,3083,CIPV,57097,18
Potholes_East,46.3125,-119.3125,46.370206,-119.250818,2.3,2963,TPWR,78926,PNW
NotchButteGeoBon2,42.9375,-114.6875,42.95504,-114.574654,0.93,2872,IPMV,66435,PNW
Eltopia_Branch,46.1875,-119.0625,46.259385,-119.115712,2.2,2835,TPWR,78464,PNW
Hickman_1,37.6875,-120.6875,37.6208,-120.727965,1,2802,TIDC,46899,18
ScottFlat7P,39.3125,-120.6875,39.309435,-120.680682,1,2802,CIPV,52931,18
ArizonaFalls,33.4375,-111.8125,33.472489,-111.901029,0.75,2434,CIPV,31194,COLO
Rocky_Brook,47.5625,-123.0625,47.617692,-122.981937,1.6,2063,BPAT,83536,PNW
BoxCanyonID,42.8125,-114.9375,42.700285,-114.82533,0.56,1886,CIPV,65969,PNW
Snedigar_1,42.6875,-114.8125,42.661478,-114.756757,0.54,1819,CIPV,65506,PNW
Schaffner_1,43.3125,-113.1875,43.221997,-113.184811,0.53,1785,CIPV,67839,PNW
Lewiston_1,38.5625,-120.8125,38.574651,-120.761245,0.5,1684,CIPV,50146,18
Sheep_Creek1,48.9375,-117.8125,48.951812,-117.759171,1.3,1677,BPAT,88682,PNW
Slab_Creek_1,38.8125,-120.8125,38.76516,-120.78705,0.48,1617,CIPV,51074,18
Burton_Creek,46.5625,-121.8125,46.537222,-121.75,0.48,1617,BANC,79834,PNW
MeyersFalls1,48.6875,-118.0625,48.59653,-118.059909,1.2,1548,AVA,87752,PNW
EsquatzelCanal,46.9375,-120.3125,46.862442,-120.294066,1.1,1418,CIPV,81238,PNW
Double_Weir1,32.8125,-115.4375,32.806278,-115.353432,0.4,1346,CIPV,28845,18
Skookumchuck1,46.8125,-122.6875,46.790045,-122.726916,1,1290,BPAT,80755,PNW
CombieNorth,38.9375,-121.0625,39.013536,-121.103768,0.33,1111,CIPV,51536,18
Reynolds,43.3125,-116.5625,43.341979,-116.600728,0.26,876,CIPV,67812,PNW
Stone_Drop_1,37.6875,-120.6875,37.64329,-120.7193,0.24,808,CIPV,46899,18
Shingle_Creek_1,45.4375,-116.3125,45.363783,-116.403523,0.22,741,CIPV,75702,PNW
Rim_View_1,42.6875,-114.5625,42.664043,-114.676994,0.2,674,CIPV,65508,PNW
PortTownsend,48.1875,-122.6875,48.0902,-122.800778,0.4,516,BPAT,85859,PNW
Shasta_River_1,43.0625,-121.5625,43.100082,-121.553305,0.1,337,CIPV,66844,18
Snake_River,42.8125,-114.9375,42.883438,-114.918494,0.07,236,CIPV,65969,PNW
ElephantButte1,33.0625,-107.3125,33.15115,-107.21866,27.9,0,WALC,29838,13
DiamondValleyLake02,33.6875,-117.1875,33.6808,-117.07,-8.37,0,CISC,32079,18
ONeill_1,37.0625,-121.0625,37.06911,-121.07723,-20.58,0,CIPV,44576,18
Lower_Molina_1,39.1875,-107.9375,39.13206,-107.91913,4.86,0,WALC,52569,COLO
Iron_Gate,41.9375,-122.4375,41.93291,-122.4368,18,0,PACW,62661,18
Copco1-1,41.9375,-122.4375,41.9792,-122.33498,20,0,PACW,62661,18
Copco_2_1,41.9375,-122.4375,41.97539,-122.35834,27,0,PACW,62661,18
John_C_Boyle_1,42.0625,-122.0625,42.12228,-122.04838,97.98,0,PACW,63128,18
