name,M1,M10,M11,M12,M2,M3,M4,M5,M6,M7,M8,M9
Aberfeldie2-1,1.734001,1.582091,1.673901,1.711813,1.480228,2.093961,2.06702,3.694443,3.208737,1.713408,1.0403,1.207707
Aberfeldie2-2,1.734001,1.582091,1.673901,1.711813,1.480228,2.093961,2.06702,3.694443,3.208737,1.713408,1.0403,1.207707
Aberfeldie2-3,1.734001,1.582091,1.673901,1.711813,1.480228,2.093961,2.06702,3.694443,3.208737,1.713408,1.0403,1.207707
Abiquiu1,1.34,1.109,1.195,1.338,1.227,1.279,1.278,1.803,1.681,1.562,1.297,1.028
Abiquiu2,1.34,1.109,1.195,1.338,1.227,1.279,1.278,1.803,1.681,1.562,1.297,1.028
Akolkolex,2.57,3.376,2.856,2.634,2.535,2.212,2.681,4.231,4.61,4.414,3.806,3.18
Alder11,9.584,6.376,8.833,8.993,6.024,5.111,5.627,9.455,6.535,6.379,4.477,4.622
Alder12,9.584,6.376,8.833,8.993,6.024,5.111,5.627,9.455,6.535,6.379,4.477,4.622
Alouette,1.950751,1.779853,1.883138,1.92579,1.665257,2.355706,2.325397,4.156248,3.609829,1.927583,1.170338,1.35867
Alta_PH1,0.19,0.161,0.148,0.154,0.188,0.206,0.247,0.337,0.334,0.334,0.292,0.211
Alta_PH2,0.19,0.161,0.148,0.154,0.188,0.206,0.247,0.337,0.334,0.334,0.292,0.211
AmericanFalls1,0,1.55,0,0,0,0,5.341,8.837,16.879,20.507,14.323,7.82
AmericanFalls2,0,1.55,0,0,0,0,5.341,8.837,16.879,20.507,14.323,7.82
AmericanFalls3,0,1.55,0,0,0,0,5.341,8.837,16.879,20.507,14.323,7.82
AmesHydro,0.885,0.673,0.591,0.621,0.831,0.877,0.888,1.335,1.298,1.341,1.097,0.842
AndersonRanch1,4.022,3.33,3.588,4.017,3.686,3.841,3.838,5.413,5.047,4.691,3.893,3.086
AndersonRanch2,4.022,3.33,3.588,4.017,3.686,3.841,3.838,5.413,5.047,4.691,3.893,3.086
Angels,0.266,0.225,0.207,0.216,0.263,0.289,0.346,0.471,0.468,0.467,0.409,0.295
ArenaDrop,0.085,0.077,0.076,0.078,0.087,0.093,0.121,0.173,0.176,0.176,0.148,0.099
ArizonaFalls,0.154,0.174,0.136,0.241,0.168,0.111,0.109,0.27,0.238,0.301,0.258,0.274
Arrow_Lake1,15.29,38.35,11.591,5.954,11.091,0,7.596,13.291,45.824,51.078,37.581,20.812
Arrow_Lake2,15.29,38.35,11.591,5.954,11.091,0,7.596,13.291,45.824,51.078,37.581,20.812
Ash_River_1,6.069005,5.53732,5.858653,5.991347,5.180799,7.328864,7.234569,12.93055,11.23058,5.996927,3.641051,4.226974
Ashlu_Creek_1,4.274,5.615,4.749,4.38,4.216,3.679,4.459,7.036,7.666,7.34,6.329,5.289
Ashlu_Creek_2,4.274,5.615,4.749,4.38,4.216,3.679,4.459,7.036,7.666,7.34,6.329,5.289
Ashlu_Creek_3,4.274,5.615,4.749,4.38,4.216,3.679,4.459,7.036,7.666,7.34,6.329,5.289
Azusa,0.931,0.778,0.831,0.924,0.863,0.901,0.928,1.31,1.236,1.162,0.966,0.748
Balch2-2,20.177,16.122,12.289,20.442,18.598,19.15,36.569,39.414,37.847,37.375,26.22,22.022
Balch2-3,20.984,16.766,12.78,21.259,19.341,19.917,38.031,40.991,39.361,38.87,27.269,22.902
BarberDamGEN1,0.77,0.702,0.689,0.712,0.794,0.845,1.107,1.572,1.603,1.607,1.348,0.902
Barrier,2.647,3.28,2.977,2.932,2.729,2.678,2.291,2.817,3.767,4.192,3.081,2.414
Bear_Creek,0.949,0.804,0.738,0.771,0.94,1.032,1.237,1.683,1.672,1.669,1.462,1.055
Bearspaw_1,4.018,4.978,4.518,4.45,4.142,4.064,3.477,4.276,5.718,6.363,4.676,3.664
Belden_1,40.898,36.473,15.276,19.766,13.136,4.518,3.9,11.62,15.152,40.372,62.466,52.731
Bend1,0.057,0.051,0.052,0.055,0.055,0.058,0.066,0.089,0.087,0.085,0.073,0.051
Bend2,0.1,0.089,0.09,0.097,0.096,0.102,0.115,0.156,0.152,0.149,0.128,0.09
Bend3,0.16,0.143,0.144,0.155,0.153,0.163,0.184,0.25,0.243,0.238,0.204,0.143
Betasso_Hydro,0.737,0.561,0.493,0.518,0.692,0.731,0.74,1.112,1.082,1.118,0.914,0.702
BidwellDitchGEN1,0.342,0.289,0.266,0.278,0.338,0.371,0.445,0.606,0.602,0.601,0.526,0.38
BigCreek1-1,1.488,5.878,5.446,8.356,0.62,8.786,14.332,14.97,14.676,14.465,9.691,8.112
BigCreek1-2,1.18,4.661,4.319,6.626,0.492,6.966,11.365,11.87,11.637,11.47,7.684,6.432
BigCreek1-3,1.623,6.412,5.942,9.116,0.677,9.584,15.635,16.331,16.01,15.78,10.572,8.849
BigCreek1-4,2.344,9.262,8.582,13.167,0.977,13.844,22.584,23.589,23.126,22.793,15.27,12.782
BigCreek2-3,7.731,6.4,6.897,7.721,7.084,7.382,7.376,10.404,9.7,9.017,7.483,5.931
BigCreek2-4,7.731,6.4,6.897,7.721,7.084,7.382,7.376,10.404,9.7,9.017,7.483,5.931
BigCreek2-5,8.618,7.134,7.688,8.606,7.896,8.228,8.222,11.596,10.812,10.051,8.341,6.611
BigCreek2-6,8.618,7.134,7.688,8.606,7.896,8.228,8.222,11.596,10.812,10.051,8.341,6.611
BigCreek2A-1,19.678,25.361,33.168,30.946,6.65,30.996,35.159,35.247,35.616,36.487,27.22,23.85
BigCreek2A-2,19.678,25.361,33.168,30.946,6.65,30.996,35.159,35.247,35.616,36.487,27.22,23.85
BigCreek3-1,7.953,7.688,7.725,9.784,10.832,21.258,19.986,22.479,20.705,24.687,19.172,12.211
BigCreek3-2,7.953,7.688,7.725,9.784,10.832,21.258,19.986,22.479,20.705,24.687,19.172,12.211
BigCreek3-3,7.953,7.688,7.725,9.784,10.832,21.258,19.986,22.479,20.705,24.687,19.172,12.211
BigCreek3-4,8.421,8.14,8.179,10.359,11.47,22.509,21.161,23.801,21.923,26.139,20.3,12.929
BigCreek3-5,8.515,8.231,8.27,10.474,11.597,22.759,21.396,24.066,22.167,26.43,20.525,13.073
BigCreek4-1,12.609,10.75,6.555,11.467,19.398,32.757,32.017,34.557,34.55,35.834,24.876,15.564
BigCreek4-2,12.609,10.75,6.555,11.467,19.398,32.757,32.017,34.557,34.55,35.834,24.876,15.564
BigCreek8-1,12.364,10.235,11.03,12.347,11.328,11.804,11.796,16.637,15.512,14.42,11.966,9.484
BigCreek8-2,18.545,15.353,16.544,18.521,16.992,17.707,17.694,24.956,23.268,21.629,17.949,14.226
BigPine,1.192,0.996,1.064,1.183,1.104,1.153,1.188,1.677,1.582,1.487,1.236,0.957
BigThompson,1.106,0.841,0.739,0.777,1.039,1.096,1.11,1.669,1.623,1.677,1.371,1.053
Bighorn_1,17.117,13.791,20.176,20.389,9.491,15.955,16.346,14.811,24.273,22.955,15.655,9.173
Bighorn_2,17.117,13.791,20.176,20.389,9.491,15.955,16.346,14.811,24.273,22.955,15.655,9.173
BirchCreek1,0.488,0.445,0.437,0.452,0.504,0.536,0.702,0.997,1.017,1.019,0.855,0.572
BlackCanyon1,2.459,2.036,2.194,2.456,2.253,2.348,2.346,3.309,3.085,2.868,2.38,1.886
BlackCanyon2,2.459,2.036,2.194,2.456,2.253,2.348,2.346,3.309,3.085,2.868,2.38,1.886
BlackCanyon3MV,0.054,0.045,0.049,0.054,0.05,0.052,0.052,0.073,0.068,0.064,0.053,0.042
BlackCreek,0.108,0.22,0.097,0.091,0.124,0.163,0.543,0.68,0.776,0.722,0.736,0.508
BlackEagle1,4.147,2.647,2.777,3.265,3.619,3.51,3.791,4.436,4.085,3.807,2.674,2.278
BlackEagle2,4.147,2.647,2.777,3.265,3.619,3.51,3.791,4.436,4.085,3.807,2.674,2.278
BlackEagle3,4.466,2.851,2.991,3.516,3.898,3.78,4.083,4.777,4.399,4.099,2.88,2.454
BlindCanyon,0.282,0.257,0.252,0.261,0.29,0.309,0.405,0.575,0.587,0.588,0.493,0.33
Bliss1,7.962,6.591,7.103,7.951,7.295,7.602,7.596,10.714,9.989,9.286,7.706,6.107
Bliss2,7.962,6.591,7.103,7.951,7.295,7.602,7.596,10.714,9.989,9.286,7.706,6.107
Bliss3,7.962,6.591,7.103,7.951,7.295,7.602,7.596,10.714,9.989,9.286,7.706,6.107
BlueMesa1,3.774,7.804,3.125,3.418,6.183,9.266,14.195,12.086,8.787,12.127,12.261,11.288
BlueMesa2,3.774,7.804,3.125,3.418,6.183,9.266,14.195,12.086,8.787,12.127,12.261,11.288
BoiseRDiversion1A,0.207,0.188,0.185,0.191,0.213,0.227,0.297,0.422,0.43,0.431,0.362,0.242
BoiseRDiversion2A,0.207,0.188,0.185,0.191,0.213,0.227,0.297,0.422,0.43,0.431,0.362,0.242
BoiseRDiversion3A,0.207,0.188,0.185,0.191,0.213,0.227,0.297,0.422,0.43,0.431,0.362,0.242
BostonBar1,0.771,1.013,0.857,0.79,0.761,0.664,0.804,1.269,1.383,1.324,1.142,0.954
BostonBar2,0.771,1.013,0.857,0.79,0.761,0.664,0.804,1.269,1.383,1.324,1.142,0.954
BoulderCanyon1,0.208,0.217,0.187,0.168,0.252,0.274,0.456,0.651,0.702,0.734,0.619,0.375
BoulderCanyon2,0.208,0.217,0.187,0.168,0.252,0.274,0.456,0.651,0.702,0.734,0.619,0.375
Boundary51,37.975,39.743,43.1,31.945,30.195,28.448,44.977,82.425,94.377,47.742,25.956,19.298
Boundary52,38.718,40.521,43.944,32.57,30.786,29.005,45.857,84.039,96.224,48.677,26.464,19.675
Boundary53,37.975,39.743,43.1,31.945,30.195,28.448,44.977,82.425,94.377,47.742,25.956,19.298
Boundary54,38.718,40.521,43.944,32.57,30.786,29.005,45.857,84.039,96.224,48.677,26.464,19.675
Boundary55,47.948,50.181,54.42,40.334,38.126,35.92,56.789,104.073,119.162,60.281,32.772,24.366
Boundary56,47.948,50.181,54.42,40.334,38.126,35.92,56.789,104.073,119.162,60.281,32.772,24.366
BoxCanyonAVA1,9.844,8.149,8.782,9.831,9.02,9.399,9.392,13.247,12.351,11.481,9.528,7.551
BoxCanyonAVA2,9.844,8.149,8.782,9.831,9.02,9.399,9.392,13.247,12.351,11.481,9.528,7.551
BoxCanyonAVA3,9.844,8.149,8.782,9.831,9.02,9.399,9.392,13.247,12.351,11.481,9.528,7.551
BoxCanyonAVA4,7.547,6.248,6.733,7.537,6.915,7.206,7.201,10.156,9.469,8.802,7.305,5.789
BoxCanyonPACW1,0.474,0.402,0.369,0.385,0.47,0.516,0.618,0.841,0.836,0.835,0.731,0.527
BoxCanyonPACW2,0.474,0.402,0.369,0.385,0.47,0.516,0.618,0.841,0.836,0.835,0.731,0.527
Brandywine1,0.977,1.283,1.085,1.001,0.963,0.841,1.019,1.608,1.752,1.677,1.446,1.209
Brandywine2,0.977,1.283,1.085,1.001,0.963,0.841,1.019,1.608,1.752,1.677,1.446,1.209
BrazeauHydro1,13.455,17.367,10.45,11.242,11.772,10.369,10.114,18.015,60.607,39.555,19.842,32.316
BrazeauHydro2,16.611,21.44,12.902,13.879,14.534,12.802,12.486,22.241,74.824,48.834,24.496,39.897
BridgeRiver1,11.16263,10.18471,10.77574,11.0198,9.528969,13.47987,13.30644,23.78297,20.65624,11.03006,6.696932,7.774612
BridgeRiver2,11.16263,10.18471,10.77574,11.0198,9.528969,13.47987,13.30644,23.78297,20.65624,11.03006,6.696932,7.774612
BridgeRiver21,14.84739,13.54666,14.33278,14.6574,12.67445,17.92954,17.69886,31.63366,27.47481,14.67105,8.90757,10.34099
BridgeRiver22,14.84739,13.54666,14.33278,14.6574,12.67445,17.92954,17.69886,31.63366,27.47481,14.67105,8.90757,10.34099
BridgeRiver23,14.84739,13.54666,14.33278,14.6574,12.67445,17.92954,17.69886,31.63366,27.47481,14.67105,8.90757,10.34099
BridgeRiver24,14.84739,13.54666,14.33278,14.6574,12.67445,17.92954,17.69886,31.63366,27.47481,14.67105,8.90757,10.34099
BridgeRiver3,11.16263,10.18471,10.77574,11.0198,9.528969,13.47987,13.30644,23.78297,20.65624,11.03006,6.696932,7.774612
BridgeRiver4,11.16263,10.18471,10.77574,11.0198,9.528969,13.47987,13.30644,23.78297,20.65624,11.03006,6.696932,7.774612
Brilliant1,8.128131,7.416054,7.84641,8.024125,6.93857,9.815442,9.689155,17.3177,15.04095,8.031598,4.876407,5.661125
Brilliant2,8.128131,7.416054,7.84641,8.024125,6.93857,9.815442,9.689155,17.3177,15.04095,8.031598,4.876407,5.661125
Brilliant3,8.128131,7.416054,7.84641,8.024125,6.93857,9.815442,9.689155,17.3177,15.04095,8.031598,4.876407,5.661125
Brilliant4,8.128131,7.416054,7.84641,8.024125,6.93857,9.815442,9.689155,17.3177,15.04095,8.031598,4.876407,5.661125
BrilliantExp,27.63565,25.21458,26.67779,27.28202,23.59114,33.3725,32.94313,58.88018,51.13924,27.30743,16.57978,19.24783
Broadwater,4.995,3.098,3.275,3.908,4.344,4.421,4.548,4.862,4.799,4.722,3.59,3.019
BrownLake,1.85,2.431,2.056,1.896,1.825,1.593,1.931,3.046,3.319,3.178,2.74,2.29
Brownlee1,24.711,19.455,19.533,27.338,19.093,23.538,25.533,46.4,31.532,26.725,19.379,17.931
Brownlee2,24.711,19.455,19.533,27.338,19.093,23.538,25.533,46.4,31.532,26.725,19.379,17.931
Brownlee3,24.7,19.455,19.533,27.338,19.1,23.5,25.5,46.4,31.5,26.7,19.379,17.9
Brownlee4,24.7,19.455,19.533,27.338,19.1,23.5,25.5,46.4,31.5,26.7,19.379,17.9
Brownlee5,61.7,48.584,48.779,68.269,47.7,58.8,63.8,116,78.7,66.7,48.393,44.8
Buntzen1-1,11.92126,10.87688,11.50807,11.76872,10.17657,14.39598,14.21076,25.39929,22.06007,11.77968,7.152063,8.302984
Butt_Valley_1,19.722,15.788,0,5.028,5.963,0.035,0.025,0.017,8.837,21.537,29.311,24.259
Bypass_GEN1,0.624,0.569,0.558,0.577,0.643,0.684,0.896,1.273,1.298,1.302,1.091,0.73
Bypass_GEN2,0.624,0.569,0.558,0.577,0.643,0.684,0.896,1.273,1.298,1.302,1.091,0.73
Bypass_GEN3,0.624,0.569,0.558,0.577,0.643,0.684,0.896,1.273,1.298,1.302,1.091,0.73
C_J_Strike_1,11.034,11.567,11.318,11.382,9.724,10.66,9.639,14.126,10.401,10.11,8.624,9.098
Camino_H1,14.331,14.955,6.703,20.9,17.368,18.802,30.089,33.03,29.108,20.607,20.873,12.278
Camino_H2,14.331,14.955,6.703,20.9,17.368,18.802,30.089,33.03,29.108,20.607,20.873,12.278
Canoe_Creek,1.414,1.857,1.571,1.448,1.394,1.217,1.475,2.327,2.535,2.428,2.093,1.749
Caribou1-1,5.495,3.224,2.097,1.499,1.245,0.672,0.087,1.705,1.17,6.826,11.088,8.036
Caribou1-2,5.495,3.224,2.097,1.499,1.245,0.672,0.087,1.705,1.17,6.826,11.088,8.036
Caribou1-3,5.495,3.224,2.097,1.499,1.245,0.672,0.087,1.705,1.17,6.826,11.088,8.036
Caribou_2_4,26.382,26.351,8.784,13.435,11.681,3.412,3.43,9.973,14.689,25.27,36.885,32.125
Caribou_2_5,25.199,25.168,8.39,12.832,11.156,3.259,3.276,9.525,14.03,24.136,35.23,30.684
Carmen_Smith_1,10.889,3.866,6.449,9.429,6.805,8.122,11.451,9.749,6.605,5.217,4.753,3.926
Carmen_Smith_2,10.889,3.866,6.449,9.429,6.805,8.122,11.451,9.749,6.605,5.217,4.753,3.926
Carmen_Smith_3,2.065,0.733,1.223,1.788,1.291,1.54,2.172,1.849,1.253,0.989,0.901,0.745
Cascade1_1,4.018,4.978,4.518,4.45,4.142,4.064,3.477,4.276,5.718,6.363,4.676,3.664
Cascade2_2,4.254,5.271,4.784,4.711,4.386,4.303,3.681,4.528,6.054,6.737,4.951,3.88
Cascade_ID_1,1.56,1.292,1.392,1.558,1.429,1.49,1.488,2.099,1.957,1.82,1.51,1.197
Cascade_ID_2,1.56,1.292,1.392,1.558,1.429,1.49,1.488,2.099,1.957,1.82,1.51,1.197
Castaic_7,9.362,7.751,8.352,9.35,8.578,8.939,8.932,12.598,11.746,10.919,9.061,7.182
Cedar_Falls_5,1.512,1.252,1.349,1.51,1.386,1.444,1.443,2.035,1.897,1.764,1.464,1.16
Cedar_Falls_6,1.512,1.252,1.349,1.51,1.386,1.444,1.443,2.035,1.897,1.764,1.464,1.16
Chandler_1,1.213,1.004,1.082,1.212,1.112,1.158,1.157,1.633,1.522,1.415,1.174,0.931
Chandler_2,1.213,1.004,1.082,1.212,1.112,1.158,1.157,1.633,1.522,1.415,1.174,0.931
Cheakamus_1,19.50752,17.79853,18.83138,19.2579,16.65257,23.55706,23.25397,41.56248,36.09829,19.27584,11.70338,13.5867
Cheakamus_2,19.50752,17.79853,18.83138,19.2579,16.65257,23.55706,23.25397,41.56248,36.09829,19.27584,11.70338,13.5867
Chelan_A_1,13.443,11.129,11.993,13.426,12.318,12.835,12.826,18.09,16.867,15.679,13.011,10.312
Chelan_A_2,13.443,11.129,11.993,13.426,12.318,12.835,12.826,18.09,16.867,15.679,13.011,10.312
ChiefJoseph01,31.545,25.232,28.141,29.546,29.201,29.396,25.093,35.589,37.339,40.461,33.383,21.071
ChiefJoseph02,31.545,25.232,28.141,29.546,29.201,29.396,25.093,35.589,37.339,40.461,33.383,21.071
ChiefJoseph03,31.545,25.232,28.141,29.546,29.201,29.396,25.093,35.589,37.339,40.461,33.383,21.071
ChiefJoseph04,31.545,25.232,28.141,29.546,29.201,29.396,25.093,35.589,37.339,40.461,33.383,21.071
ChiefJoseph05,31.545,25.232,28.141,29.546,29.201,29.396,25.093,35.589,37.339,40.461,33.383,21.071
ChiefJoseph06,31.545,25.232,28.141,29.546,29.201,29.396,25.093,35.589,37.339,40.461,33.383,21.071
ChiefJoseph07,31.545,25.232,28.141,29.546,29.201,29.396,25.093,35.589,37.339,40.461,33.383,21.071
ChiefJoseph08,31.545,25.232,28.141,29.546,29.201,29.396,25.093,35.589,37.339,40.461,33.383,21.071
ChiefJoseph09,31.545,25.232,28.141,29.546,29.201,29.396,25.093,35.589,37.339,40.461,33.383,21.071
ChiefJoseph10,31.545,25.232,28.141,29.546,29.201,29.396,25.093,35.589,37.339,40.461,33.383,21.071
ChiefJoseph11,31.545,25.232,28.141,29.546,29.201,29.396,25.093,35.589,37.339,40.461,33.383,21.071
ChiefJoseph12,31.545,25.232,28.141,29.546,29.201,29.396,25.093,35.589,37.339,40.461,33.383,21.071
ChiefJoseph13,31.545,25.232,28.141,29.546,29.201,29.396,25.093,35.589,37.339,40.461,33.383,21.071
ChiefJoseph14,31.545,25.232,28.141,29.546,29.201,29.396,25.093,35.589,37.339,40.461,33.383,21.071
ChiefJoseph15,31.545,25.232,28.141,29.546,29.201,29.396,25.093,35.589,37.339,40.461,33.383,21.071
ChiefJoseph16,31.545,25.232,28.141,29.546,29.201,29.396,25.093,35.589,37.339,40.461,33.383,21.071
ChiefJoseph17,39.056,31.24,34.842,36.581,36.154,36.394,31.068,44.062,46.229,50.094,41.331,26.088
ChiefJoseph18,39.056,31.24,34.842,36.581,36.154,36.394,31.068,44.062,46.229,50.094,41.331,26.088
ChiefJoseph19,39.056,31.24,34.842,36.581,36.154,36.394,31.068,44.062,46.229,50.094,41.331,26.088
ChiefJoseph20,39.056,31.24,34.842,36.581,36.154,36.394,31.068,44.062,46.229,50.094,41.331,26.088
ChiefJoseph21,39.056,31.24,34.842,36.581,36.154,36.394,31.068,44.062,46.229,50.094,41.331,26.088
ChiefJoseph22,39.056,31.24,34.842,36.581,36.154,36.394,31.068,44.062,46.229,50.094,41.331,26.088
ChiefJoseph23,39.056,31.24,34.842,36.581,36.154,36.394,31.068,44.062,46.229,50.094,41.331,26.088
ChiefJoseph24,39.056,31.24,34.842,36.581,36.154,36.394,31.068,44.062,46.229,50.094,41.331,26.088
ChiefJoseph25,39.056,31.24,34.842,36.581,36.154,36.394,31.068,44.062,46.229,50.094,41.331,26.088
ChiefJoseph26,39.056,31.24,34.842,36.581,36.154,36.394,31.068,44.062,46.229,50.094,41.331,26.088
ChiefJoseph27,39.056,31.24,34.842,36.581,36.154,36.394,31.068,44.062,46.229,50.094,41.331,26.088
China_Creek_1,0.81,1.063,0.9,0.83,0.799,0.697,0.845,1.333,1.452,1.39,1.199,1.002
China_Creek_2,0.81,1.063,0.9,0.83,0.799,0.697,0.845,1.333,1.452,1.39,1.199,1.002
Clear_Lake_CA,0.712,0.603,0.553,0.578,0.705,0.774,0.928,1.262,1.254,1.252,1.097,0.791
Clear_Lake_ID,0.47,0.428,0.42,0.434,0.484,0.515,0.675,0.959,0.978,0.98,0.822,0.55
Clearwater1,3.876,3.293,3.331,4.198,2.801,3.789,3.156,3.838,4.485,3.792,3.44,3.177
Clearwater2,3.292,2.384,3.035,5.237,2.699,2.986,4.959,6.813,4.649,3.099,2.566,2.269
Cochrane_COC1,13.103,8.364,8.776,10.315,11.436,11.092,11.979,14.017,12.907,12.028,8.45,7.2
Cochrane_COC2,13.103,8.364,8.776,10.315,11.436,11.092,11.979,14.017,12.907,12.028,8.45,7.2
Collierville1,23.976,17.104,11.619,32.983,22.554,44.894,62.447,74.833,69.45,23.597,21.728,18.947
Collierville2,23.976,17.104,11.619,32.983,22.554,44.894,62.447,74.833,69.45,23.597,21.728,18.947
CombieSouth1,0.095,0.08,0.074,0.077,0.094,0.103,0.124,0.168,0.167,0.167,0.146,0.105
CombieSouth2,0.095,0.08,0.074,0.077,0.094,0.103,0.124,0.168,0.167,0.167,0.146,0.105
CombieSouth3,0.095,0.08,0.074,0.077,0.094,0.103,0.124,0.168,0.167,0.167,0.146,0.105
ControlGorge1,8.947,7.407,7.982,8.936,8.198,8.543,8.536,12.04,11.226,10.435,8.66,6.863
Copco1-1,2.546,3.706,3.475,5.187,1.707,1.93,3.367,7.494,3.223,2.463,2.668,3.103
Copco1-2,2.546,3.706,3.475,5.187,1.707,1.93,3.367,7.494,3.223,2.463,2.668,3.103
Copco_2_1,3.175,4.735,4.446,6.444,2.138,2.456,4.166,9.437,3.981,3.061,3.289,3.318
Copco_2_2,3.175,4.735,4.446,6.444,2.138,2.456,4.166,9.437,3.981,3.061,3.289,3.318
Corra_Linn_1,3.684753,3.361944,3.557039,3.637603,3.145485,4.449667,4.392417,7.85069,6.818566,3.640991,2.210638,2.566377
Corra_Linn_2,3.684753,3.361944,3.557039,3.637603,3.145485,4.449667,4.392417,7.85069,6.818566,3.640991,2.210638,2.566377
Corra_Linn_3,3.684753,3.361944,3.557039,3.637603,3.145485,4.449667,4.392417,7.85069,6.818566,3.640991,2.210638,2.566377
Cottonwood_1,0.279,0.233,0.249,0.277,0.259,0.27,0.278,0.393,0.371,0.349,0.29,0.224
Cottonwood_2,0.279,0.233,0.249,0.277,0.259,0.27,0.278,0.393,0.371,0.349,0.29,0.224
CoveHydro1,0.949,0.804,0.738,0.771,0.94,1.032,1.237,1.683,1.672,1.669,1.462,1.055
Cow_Creek_1,0.19,0.161,0.148,0.154,0.188,0.206,0.247,0.337,0.334,0.334,0.292,0.211
Cow_Creek_2,0.19,0.161,0.148,0.154,0.188,0.206,0.247,0.337,0.334,0.334,0.292,0.211
Cowlitz_Falls1,7.405,6.13,6.606,7.395,6.785,7.07,7.065,9.964,9.291,8.636,7.167,5.68
Cowlitz_Falls2,7.405,6.13,6.606,7.395,6.785,7.07,7.065,9.964,9.291,8.636,7.167,5.68
CranberryCreekPower1,0.727,0.955,0.808,0.745,0.717,0.626,0.759,1.197,1.305,1.249,1.077,0.9
CranberryCreekPower2,0.727,0.955,0.808,0.745,0.717,0.626,0.759,1.197,1.305,1.249,1.077,0.9
CranberryCreekPower3,0.727,0.955,0.808,0.745,0.717,0.626,0.759,1.197,1.305,1.249,1.077,0.9
Crosscut_CC5,0.615,0.695,0.545,0.965,0.672,0.442,0.437,1.078,0.951,1.205,1.034,1.095
CrystalSprings,0.458,0.418,0.41,0.424,0.473,0.503,0.659,0.936,0.954,0.957,0.802,0.537
Cushman1-21,15.607,10.247,14.546,14.293,10.197,8.993,9.165,14.736,10.028,10.316,6.879,6.917
Cushman1-22,15.607,10.247,14.546,14.293,10.197,8.993,9.165,14.736,10.028,10.316,6.879,6.917
Cushman_2_31,5.02,3.743,4.424,5.438,1.437,5.74,3.231,3.348,1.502,0.862,9.69,3.527
Cushman_2_32,5.02,3.743,4.424,5.438,1.437,5.74,3.231,3.348,1.502,0.862,9.69,3.527
Cushman_2_33,5.02,3.743,4.424,5.438,1.437,5.74,3.231,3.348,1.502,0.862,9.69,3.527
Cypress_Creek_1,0.727,0.955,0.808,0.745,0.717,0.626,0.759,1.197,1.305,1.249,1.077,0.9
DallesDamNorthFshwy,1.853,1.658,1.677,1.796,1.775,1.893,2.14,2.897,2.824,2.763,2.371,1.664
DiabloHydro_31,47.776,26.408,42.249,31.809,38.445,23.551,17.515,18.611,16.185,18.322,17.332,23.964
DiabloHydro_32,47.776,26.408,42.249,31.809,38.445,23.551,17.515,18.611,16.185,18.322,17.332,23.964
Dickson_Dam1,1.736,1.736,1.68,1.736,1.568,1.736,1.68,1.736,1.68,1.736,1.736,1.68
Dickson_Dam2,1.736,1.736,1.68,1.736,1.568,1.736,1.68,1.736,1.68,1.736,1.736,1.68
Dickson_Dam3,1.736,1.736,1.68,1.736,1.568,1.736,1.68,1.736,1.68,1.736,1.736,1.68
Dietrich_Drop,0.845,0.771,0.756,0.782,0.871,0.927,1.215,1.726,1.76,1.764,1.479,0.99
Dillon_Hydro,0.442,0.336,0.296,0.311,0.415,0.438,0.444,0.667,0.649,0.671,0.548,0.421
DoranTaylor1,0.72,0.945,0.8,0.737,0.71,0.619,0.751,1.185,1.291,1.236,1.066,0.89
DoranTaylor2,0.72,0.945,0.8,0.737,0.71,0.619,0.751,1.185,1.291,1.236,1.066,0.89
Douglas_Kwalsa1,3.696,4.855,4.106,3.787,3.645,3.182,3.856,6.084,6.629,6.347,5.473,4.573
Douglas_Kwalsa2,3.696,4.855,4.106,3.787,3.645,3.182,3.856,6.084,6.629,6.347,5.473,4.573
Eagle_Lake_1,0.051,0.068,0.057,0.053,0.051,0.044,0.054,0.085,0.092,0.088,0.076,0.064
Eagle_Point_1,0.802,0.718,0.726,0.777,0.768,0.819,0.926,1.254,1.222,1.196,1.026,0.72
EastPortalGenerator1,0.447,0.373,0.399,0.444,0.414,0.432,0.446,0.629,0.593,0.558,0.464,0.359
EastSide,0.912,0.816,0.826,0.884,0.874,0.932,1.053,1.426,1.39,1.36,1.167,0.819
EastTwinCreek1,0.136,0.179,0.151,0.14,0.134,0.117,0.142,0.224,0.244,0.234,0.202,0.169
EastTwinCreek2,0.136,0.179,0.151,0.14,0.134,0.117,0.142,0.224,0.244,0.234,0.202,0.169
EastTwinCreek3,0.136,0.179,0.151,0.14,0.134,0.117,0.142,0.224,0.244,0.234,0.202,0.169
East_Highline_1,0.279,0.749,0.653,0.384,0.89,0.854,1.133,1.352,1.074,1.205,1.137,0.78
East_Toba1,18.929,24.866,21.032,19.396,18.67,16.295,19.749,31.16,33.95,32.507,28.031,23.423
East_Toba2,18.929,24.866,21.032,19.396,18.67,16.295,19.749,31.16,33.95,32.507,28.031,23.423
EchoDam1,0.562,0.469,0.502,0.559,0.519,0.542,0.555,0.783,0.736,0.69,0.574,0.446
EchoDam2,0.562,0.469,0.502,0.559,0.519,0.542,0.555,0.783,0.736,0.69,0.574,0.446
EchoDam3,0.321,0.268,0.287,0.319,0.297,0.31,0.317,0.447,0.421,0.394,0.328,0.255
EdwardCHyatt1,17.519,46.458,46.498,69.283,11.017,15.766,11.689,44.866,66.591,76.45,74.353,56.093
EdwardCHyatt3,17.519,46.458,46.498,69.283,11.017,15.766,11.689,44.866,66.591,76.45,74.353,56.093
EdwardCHyatt5,17.519,46.458,46.498,69.283,11.017,15.766,11.689,44.866,66.591,76.45,74.353,56.093
El_Vado_Dam_1,1.8,1.49,1.605,1.797,1.649,1.718,1.717,2.422,2.258,2.099,1.742,1.38
EldoradoResrvr,0.29,0.382,0.323,0.298,0.286,0.25,0.303,0.478,0.521,0.499,0.43,0.359
Electra_1,15.956,9.182,10.582,14.824,15.023,17.52,14.059,17.558,16.884,17.288,14.364,11.766
Electra_2,17.337,9.977,11.498,16.108,16.324,19.037,15.276,19.078,18.346,18.785,15.608,12.784
Electra_3,17.337,9.977,11.498,16.108,16.324,19.037,15.276,19.078,18.346,18.785,15.608,12.784
Electron_1,1.796,1.487,1.602,1.794,1.646,1.715,1.714,2.417,2.254,2.095,1.738,1.378
Electron_2,1.796,1.487,1.602,1.794,1.646,1.715,1.714,2.417,2.254,2.095,1.738,1.378
Electron_3,1.796,1.487,1.602,1.794,1.646,1.715,1.714,2.417,2.254,2.095,1.738,1.378
Electron_4,2.641,2.187,2.356,2.638,2.42,2.522,2.52,3.554,3.314,3.081,2.556,2.026
Elk_Creek,0.376,0.343,0.336,0.347,0.387,0.412,0.54,0.767,0.782,0.784,0.657,0.44
Elko_1,1.300501,1.186569,1.255426,1.28386,1.110171,1.570471,1.550265,2.770832,2.406553,1.285056,0.7802251,0.9057801
Elko_2,1.300501,1.186569,1.255426,1.28386,1.110171,1.570471,1.550265,2.770832,2.406553,1.285056,0.7802251,0.9057801
Eltopia_Branch,0.064,0.131,0.058,0.054,0.074,0.097,0.323,0.404,0.461,0.429,0.438,0.302
Fall_Creek_1,0.142,0.129,0.127,0.132,0.145,0.154,0.199,0.283,0.287,0.287,0.24,0.162
Fall_Creek_2,0.128,0.116,0.115,0.119,0.131,0.139,0.179,0.254,0.258,0.258,0.216,0.146
Fall_Creek_3,0.356,0.322,0.318,0.331,0.364,0.386,0.498,0.707,0.718,0.717,0.601,0.406
FallsRiver_BC_1,0.7586256,0.692165,0.7323316,0.7489183,0.6475999,0.916108,0.9043212,1.616319,1.403822,0.7496158,0.4551313,0.5283717
FallsRiver_BC_2,0.7586256,0.692165,0.7323316,0.7489183,0.6475999,0.916108,0.9043212,1.616319,1.403822,0.7496158,0.4551313,0.5283717
FallsRiver_ID1,0.855,0.779,0.764,0.79,0.881,0.937,1.228,1.745,1.779,1.784,1.495,1.001
FallsRiver_ID2,0.855,0.779,0.764,0.79,0.881,0.937,1.228,1.745,1.779,1.784,1.495,1.001
Faraday_1,0.978,0.341,1.385,1.35,0.572,0.85,1.536,1.33,0.77,0.372,0.272,0.254
Faraday_2,0.978,0.341,1.385,1.35,0.572,0.85,1.536,1.33,0.77,0.372,0.272,0.254
Faraday_3,0.851,0.297,1.206,1.176,0.498,0.74,1.338,1.158,0.671,0.324,0.237,0.222
Faraday_4,1.419,0.496,2.01,1.96,0.83,1.233,2.23,1.93,1.118,0.54,0.395,0.369
Faraday_5,1.261,0.441,1.787,1.742,0.737,1.096,1.982,1.716,0.993,0.48,0.351,0.328
Faraday_6,6.055,2.115,8.576,8.361,3.54,5.263,9.513,8.236,4.768,2.306,1.686,1.576
FeltHydro1,0.507,0.462,0.454,0.469,0.523,0.556,0.729,1.035,1.056,1.059,0.887,0.594
FeltHydro2,0.507,0.462,0.454,0.469,0.523,0.556,0.729,1.035,1.056,1.059,0.887,0.594
FeltHydro3,0.207,0.188,0.185,0.191,0.213,0.227,0.297,0.422,0.43,0.431,0.362,0.242
Fire_Kwalsa1,3.249,4.267,3.61,3.329,3.204,2.797,3.389,5.348,5.827,5.579,4.811,4.02
Fire_Kwalsa2,3.249,4.267,3.61,3.329,3.204,2.797,3.389,5.348,5.827,5.579,4.811,4.02
Fish_Creek_1,4.245,1.156,4.442,6.461,3.677,4.212,8.037,7.974,6.423,2.571,1.111,0.83
FitzsimonsCreek,2.056,2.701,2.285,2.107,2.028,1.77,2.145,3.385,3.688,3.531,3.045,2.544
Fleish_1,0.63,0.522,0.562,0.629,0.577,0.602,0.601,0.848,0.791,0.735,0.61,0.483
Fontana1,0.373,0.311,0.332,0.37,0.345,0.36,0.371,0.524,0.495,0.465,0.386,0.299
Fontana2,0.373,0.311,0.332,0.37,0.345,0.36,0.371,0.524,0.495,0.465,0.386,0.299
FoothillFeeder1,1.677,1.401,1.496,1.664,1.553,1.622,1.671,2.358,2.225,2.091,1.738,1.346
FoothillFeeder2,1.677,1.401,1.496,1.664,1.553,1.622,1.671,2.358,2.225,2.091,1.738,1.346
Foothill_Feeder,5.018,4.154,4.477,5.012,4.598,4.791,4.788,6.753,6.296,5.853,4.857,3.85
Foothills_CO,0.762,0.579,0.509,0.535,0.715,0.755,0.765,1.149,1.118,1.155,0.944,0.725
Frankenheimer,1.66,1.407,1.291,1.349,1.645,1.806,2.164,2.944,2.926,2.922,2.559,1.846
Franklin_1,0.889,0.736,0.793,0.887,0.814,0.848,0.848,1.195,1.115,1.037,0.86,0.682
Fulton_QF,0.199,0.169,0.155,0.162,0.197,0.217,0.26,0.353,0.351,0.351,0.307,0.222
Furry_Creek,2.673,3.511,2.97,2.739,2.636,2.301,2.789,4.4,4.794,4.59,3.958,3.308
GHOST1_1,0.236,0.293,0.266,0.262,0.244,0.239,0.205,0.252,0.336,0.374,0.275,0.216
GHOST2_2,3.781,4.685,4.252,4.188,3.898,3.825,3.272,4.025,5.382,5.989,4.401,3.448
GHOST3_3,3.781,4.685,4.252,4.188,3.898,3.825,3.272,4.025,5.382,5.989,4.401,3.448
GHOST4_4,6.617,8.199,7.442,7.329,6.822,6.694,5.726,7.043,9.418,10.48,7.701,6.035
Gem_State_1,8.168,6.762,7.287,8.158,7.484,7.799,7.793,10.992,10.249,9.527,7.906,6.266
Georgetown_1,0.147,0.112,0.099,0.104,0.138,0.146,0.148,0.222,0.216,0.224,0.183,0.14
Georgetown_2,0.147,0.112,0.099,0.104,0.138,0.146,0.148,0.222,0.216,0.224,0.183,0.14
GordonMShrum01,162.9604,74.85279,188.3618,199.4862,208.026,225.3191,149.1073,35.91371,31.89049,132.2887,138.145,58.39419
GordonMShrum02,162.9604,74.85279,188.3618,199.4862,208.026,225.3191,149.1073,35.91371,31.89049,132.2887,138.145,58.39419
GordonMShrum03,162.9604,74.85279,188.3618,199.4862,208.026,225.3191,149.1073,35.91371,31.89049,132.2887,138.145,58.39419
GordonMShrum04,162.9604,74.85279,188.3618,199.4862,208.026,225.3191,149.1073,35.91371,31.89049,132.2887,138.145,58.39419
GordonMShrum05,162.9604,74.85279,188.3618,199.4862,208.026,225.3191,149.1073,35.91371,31.89049,132.2887,138.145,58.39419
GordonMShrum06,162.9604,74.85279,188.3618,199.4862,208.026,225.3191,149.1073,35.91371,31.89049,132.2887,138.145,58.39419
GordonMShrum07,162.9604,74.85279,188.3618,199.4862,208.026,225.3191,149.1073,35.91371,31.89049,132.2887,138.145,58.39419
GordonMShrum08,162.9604,74.85279,188.3618,199.4862,208.026,225.3191,149.1073,35.91371,31.89049,132.2887,138.145,58.39419
GordonMShrum09,162.9604,74.85279,188.3618,199.4862,208.026,225.3191,149.1073,35.91371,31.89049,132.2887,138.145,58.39419
GordonMShrum10,162.9604,74.85279,188.3618,199.4862,208.026,225.3191,149.1073,35.91371,31.89049,132.2887,138.145,58.39419
Gorge21,19.7,11.5,17.2,14.153,15.7,10.3,7.92,8.6,7.35,8.11,7.49,9.74
Gorge22,19.681,11.507,17.211,14.153,15.676,10.255,7.924,8.604,7.35,8.113,7.49,9.741
Gorge23,19.681,11.507,17.211,14.153,15.676,10.255,7.924,8.604,7.35,8.113,7.49,9.741
Gorge24,51.823,30.301,45.319,37.267,41.277,27.003,20.864,22.654,19.354,21.362,19.724,25.649
GosselinHydroGEN1,0.19,0.161,0.148,0.154,0.188,0.206,0.247,0.337,0.334,0.334,0.292,0.211
GosselinHydroGEN2,0.19,0.161,0.148,0.154,0.188,0.206,0.247,0.337,0.334,0.334,0.292,0.211
Grace_3,0,0.465,0.678,0.691,0,1.027,3.436,4.548,2.714,3.17,3.208,0.744
Grace_4,0,0.465,0.678,0.691,0,1.027,3.436,4.548,2.714,3.17,3.208,0.744
Grace_5,0,0.465,0.678,0.691,0,1.027,3.436,4.548,2.714,3.17,3.208,0.744
GrandCoulee01,33.93055078,32.07053906,35.00869141,36.40932813,30.95492969,33.64330859,27.17774023,40.80378125,46.49058984,51.69694141,41.50592188,25.76690039
GrandCoulee02,33.93055078,32.07053906,35.00869141,36.40932813,30.95492969,33.64330859,27.17774023,40.80378125,46.49058984,51.69694141,41.50592188,25.76690039
GrandCoulee03,33.93055078,32.07053906,35.00869141,36.40932813,30.95492969,33.64330859,27.17774023,40.80378125,46.49058984,51.69694141,41.50592188,25.76690039
GrandCoulee04,33.93055078,32.07053906,35.00869141,36.40932813,30.95492969,33.64330859,27.17774023,40.80378125,46.49058984,51.69694141,41.50592188,25.76690039
GrandCoulee05,33.93055078,32.07053906,35.00869141,36.40932813,30.95492969,33.64330859,27.17774023,40.80378125,46.49058984,51.69694141,41.50592188,25.76690039
GrandCoulee06,33.93055078,32.07053906,35.00869141,36.40932813,30.95492969,33.64330859,27.17774023,40.80378125,46.49058984,51.69694141,41.50592188,25.76690039
GrandCoulee07,33.93055078,32.07053906,35.00869141,36.40932813,30.95492969,33.64330859,27.17774023,40.80378125,46.49058984,51.69694141,41.50592188,25.76690039
GrandCoulee08,33.93055078,32.07053906,35.00869141,36.40932813,30.95492969,33.64330859,27.17774023,40.80378125,46.49058984,51.69694141,41.50592188,25.76690039
GrandCoulee09,33.93055078,32.07053906,35.00869141,36.40932813,30.95492969,33.64330859,27.17774023,40.80378125,46.49058984,51.69694141,41.50592188,25.76690039
GrandCoulee10,33.93055078,32.07053906,35.00869141,36.40932813,30.95492969,33.64330859,27.17774023,40.80378125,46.49058984,51.69694141,41.50592188,25.76690039
GrandCoulee11,33.93055078,32.07053906,35.00869141,36.40932813,30.95492969,33.64330859,27.17774023,40.80378125,46.49058984,51.69694141,41.50592188,25.76690039
GrandCoulee12,33.93055078,32.07053906,35.00869141,36.40932813,30.95492969,33.64330859,27.17774023,40.80378125,46.49058984,51.69694141,41.50592188,25.76690039
GrandCoulee13,33.93055078,32.07053906,35.00869141,36.40932813,30.95492969,33.64330859,27.17774023,40.80378125,46.49058984,51.69694141,41.50592188,25.76690039
GrandCoulee14,33.93055078,32.07053906,35.00869141,36.40932813,30.95492969,33.64330859,27.17774023,40.80378125,46.49058984,51.69694141,41.50592188,25.76690039
GrandCoulee15,33.93055078,32.07053906,35.00869141,36.40932813,30.95492969,33.64330859,27.17774023,40.80378125,46.49058984,51.69694141,41.50592188,25.76690039
GrandCoulee16,33.93055078,32.07053906,35.00869141,36.40932813,30.95492969,33.64330859,27.17774023,40.80378125,46.49058984,51.69694141,41.50592188,25.76690039
GrandCoulee17,33.93055078,32.07053906,35.00869141,36.40932813,30.95492969,33.64330859,27.17774023,40.80378125,46.49058984,51.69694141,41.50592188,25.76690039
GrandCoulee18,33.93055078,32.07053906,35.00869141,36.40932813,30.95492969,33.64330859,27.17774023,40.80378125,46.49058984,51.69694141,41.50592188,25.76690039
GrandCoulee19,163.4550938,154.4947969,168.6487969,175.3962031,149.1205,162.0712969,130.9245,196.5657969,223.9610938,249.0419063,199.9482031,124.128
GrandCoulee20,163.4550938,154.4947969,168.6487969,175.3962031,149.1205,162.0712969,130.9245,196.5657969,223.9610938,249.0419063,199.9482031,124.128
GrandCoulee21,163.4550938,154.4947969,168.6487969,175.3962031,149.1205,162.0712969,130.9245,196.5657969,223.9610938,249.0419063,199.9482031,124.128
GrandCoulee22,219.3022969,207.2805,226.2705,235.3232031,200.07,217.4457031,175.657,263.7258125,300.4810938,334.1311875,268.2639063,166.5384063
GrandCoulee23,219.3022969,207.2805,226.2705,235.3232031,200.07,217.4457031,175.657,263.7258125,300.4810938,334.1311875,268.2639063,166.5384063
GrandCoulee24,219.3022969,0,0,0,200.07,0,0,0,0,0,0,0
Grand_Valley1,0.369,0.28,0.246,0.259,0.346,0.365,0.37,0.556,0.541,0.559,0.457,0.351
Grand_Valley2,0.369,0.28,0.246,0.259,0.346,0.365,0.37,0.556,0.541,0.559,0.457,0.351
Green_Springs,3.848,3.186,3.433,3.843,3.526,3.674,3.671,5.178,4.828,4.488,3.724,2.952
GregAvenue1,0.373,0.311,0.332,0.37,0.345,0.36,0.371,0.524,0.495,0.465,0.386,0.299
Guernsey_1,0.397,0.483,0.295,0.298,0.348,0.387,0.399,0.917,1.722,1.816,1.961,1.164
Guernsey_2,0.397,0.483,0.295,0.298,0.348,0.387,0.399,0.917,1.722,1.816,1.961,1.164
H_M_Jackson_1,10.697,8.855,9.543,10.683,9.801,10.213,10.205,14.394,13.421,12.475,10.353,8.205
H_M_Jackson_2,10.697,8.855,9.543,10.683,9.801,10.213,10.205,14.394,13.421,12.475,10.353,8.205
H_M_Jackson_3,1.892,1.566,1.688,1.889,1.733,1.806,1.805,2.545,2.373,2.206,1.831,1.451
H_M_Jackson_4,1.892,1.566,1.688,1.889,1.733,1.806,1.805,2.545,2.373,2.206,1.831,1.451
Haas1,16.635,19.756,13.134,18.979,19.562,12.356,34.6,49.08,51.697,46.239,31.165,28.357
Haas2,16.635,19.756,13.134,18.979,19.562,12.356,34.6,49.08,51.697,46.239,31.165,28.357
Haiwee_1,1.043,0.871,0.931,1.035,0.966,1.009,1.04,1.467,1.385,1.301,1.082,0.838
Haiwee_2,1.043,0.871,0.931,1.035,0.966,1.009,1.04,1.467,1.385,1.301,1.082,0.838
Hauer_Creek_1,0.617,0.81,0.685,0.632,0.608,0.531,0.644,1.015,1.106,1.059,0.913,0.763
Hauser_HAU1,1.989,1.27,1.332,1.566,1.736,1.684,1.819,2.128,1.959,1.826,1.283,1.093
Hauser_HAU2,1.989,1.27,1.332,1.566,1.736,1.684,1.819,2.128,1.959,1.826,1.283,1.093
Hauser_HAU3,1.989,1.27,1.332,1.566,1.736,1.684,1.819,2.128,1.959,1.826,1.283,1.093
Hauser_HAU4,1.989,1.27,1.332,1.566,1.736,1.684,1.819,2.128,1.959,1.826,1.283,1.093
Hauser_HAU5,1.989,1.27,1.332,1.566,1.736,1.684,1.819,2.128,1.959,1.826,1.283,1.093
Hauser_HAU6,2.131,1.36,1.427,1.678,1.86,1.804,1.948,2.28,2.099,1.956,1.375,1.171
Hazelton_B1,0.714,0.651,0.638,0.66,0.736,0.783,1.026,1.457,1.486,1.49,1.249,0.836
Hazelton_B2,0.714,0.651,0.638,0.66,0.736,0.783,1.026,1.457,1.486,1.49,1.249,0.836
Headgate_Rock_1,1.842,1.525,1.643,1.84,1.688,1.759,1.758,2.479,2.311,2.149,1.783,1.413
Headgate_Rock_2,1.842,1.525,1.643,1.84,1.688,1.759,1.758,2.479,2.311,2.149,1.783,1.413
Headgate_Rock_3,1.842,1.525,1.643,1.84,1.688,1.759,1.758,2.479,2.311,2.149,1.783,1.413
HeartMountain,0.62,0.755,0.461,0.465,0.543,0.604,0.623,1.432,2.691,2.837,3.065,1.819
Hells_Canyon_1,43.2,36.9,34.6,47.4,34.3,43,47.2,69.1,55,47.4,37,34.9
Hells_Canyon_2,43.21,36.853,34.551,47.408,34.253,42.95,47.248,69.099,54.964,47.41,37.025,34.869
Hells_Canyon_3,43.21,36.853,34.551,47.408,34.253,42.95,47.248,69.099,54.964,47.41,37.025,34.869
Hickman_1,0,0.037,0,0,0.087,0.162,0.218,0.196,0.19,0.231,0.176,0.104
Hickman_2,0,0.037,0,0,0.087,0.162,0.218,0.196,0.19,0.231,0.176,0.104
Hillcrest_PS,0.491,0.374,0.328,0.345,0.462,0.487,0.493,0.742,0.721,0.745,0.609,0.468
Holter_HOL1,6.351,4.054,4.254,5,5.543,5.377,5.807,6.794,6.256,5.83,4.096,3.49
Holter_HOL2,6.351,4.054,4.254,5,5.543,5.377,5.807,6.794,6.256,5.83,4.096,3.49
Holter_HOL3,6.351,4.054,4.254,5,5.543,5.377,5.807,6.794,6.256,5.83,4.096,3.49
Holter_HOL4,6.351,4.054,4.254,5,5.543,5.377,5.807,6.794,6.256,5.83,4.096,3.49
Hoover_Dam_A1,6.942,14.413,15.322,11.614,7.399,9.309,24.492,23.583,20.831,22.49,17.889,13.754
Hoover_Dam_A2,6.942,14.413,15.322,11.614,7.399,9.309,24.492,23.583,20.831,22.49,17.889,13.754
Hoover_Dam_A3,6.942,14.413,15.322,11.614,7.399,9.309,24.492,23.583,20.831,22.49,17.889,13.754
Hoover_Dam_A4,6.942,14.413,15.322,11.614,7.399,9.309,24.492,23.583,20.831,22.49,17.889,13.754
Hoover_Dam_A5,6.781,14.081,14.968,11.346,7.228,9.094,23.927,23.039,20.351,21.971,17.476,13.437
Hoover_Dam_A6,6.942,14.413,15.322,11.614,7.399,9.309,24.492,23.583,20.831,22.49,17.889,13.754
Hoover_Dam_A7,6.942,14.413,15.322,11.614,7.399,9.309,24.492,23.583,20.831,22.49,17.889,13.754
Hoover_Dam_A8,3.284,6.819,7.249,5.495,3.5,4.404,11.587,11.157,9.855,10.639,8.463,6.507
Hoover_Dam_A9,3.658,7.595,8.074,6.12,3.898,4.905,12.905,12.427,10.977,11.85,9.426,7.247
Hoover_Dam_N1,8.835,18.344,19.501,14.782,9.416,11.848,31.172,30.015,26.513,28.624,22.768,17.505
Hoover_Dam_N2,8.835,18.344,19.501,14.782,9.416,11.848,31.172,30.015,26.513,28.624,22.768,17.505
Hoover_Dam_N3,8.835,18.344,19.501,14.782,9.416,11.848,31.172,30.015,26.513,28.624,22.768,17.505
Hoover_Dam_N4,8.835,18.344,19.501,14.782,9.416,11.848,31.172,30.015,26.513,28.624,22.768,17.505
Hoover_Dam_N5,8.835,18.344,19.501,14.782,9.416,11.848,31.172,30.015,26.513,28.624,22.768,17.505
Hoover_Dam_N6,8.835,18.344,19.501,14.782,9.416,11.848,31.172,30.015,26.513,28.624,22.768,17.505
Hoover_Dam_N7,8.631,17.921,19.051,14.441,9.199,11.574,30.452,29.322,25.901,27.963,22.243,17.102
Hoover_Dam_N8,8.835,18.344,19.501,14.782,9.416,11.848,31.172,30.015,26.513,28.624,22.768,17.505
HorseshoBendHY1,0.892,0.813,0.798,0.825,0.92,0.979,1.282,1.822,1.857,1.862,1.561,1.045
HorseshoBendHY2,0.892,0.813,0.798,0.825,0.92,0.979,1.282,1.822,1.857,1.862,1.561,1.045
Horseshoe1_HY1,1.182,1.464,1.329,1.309,1.218,1.195,1.023,1.258,1.682,1.871,1.375,1.078
Horseshoe2_HY2,0.709,0.879,0.797,0.785,0.731,0.717,0.614,0.755,1.009,1.123,0.825,0.647
Horseshoe3_HY3,0.709,0.879,0.797,0.785,0.731,0.717,0.614,0.755,1.009,1.123,0.825,0.647
Horseshoe4_HY4,1.182,1.464,1.329,1.309,1.218,1.195,1.023,1.258,1.682,1.871,1.375,1.078
HutchinsnCreek1,0.029,0.06,0.026,0.025,0.034,0.044,0.147,0.184,0.21,0.195,0.199,0.137
Hystad_Creek_1,0.771,1.013,0.857,0.79,0.761,0.664,0.804,1.269,1.383,1.324,1.142,0.954
Hystad_Creek_2,0.771,1.013,0.857,0.79,0.761,0.664,0.804,1.269,1.383,1.324,1.142,0.954
IIDDrop1-2,0.221,0.593,0.517,0.304,0.705,0.676,0.897,1.071,0.85,0.954,0.9,0.618
IIDDrop1-3,0.221,0.593,0.517,0.304,0.705,0.676,0.897,1.071,0.85,0.954,0.9,0.618
IID_Drop1-1,0.221,0.593,0.517,0.304,0.705,0.676,0.897,1.071,0.85,0.954,0.9,0.618
IID_Drop_2_1,0.582,1.561,1.36,0.8,1.855,1.779,2.361,2.818,2.238,2.51,2.369,1.626
IID_Drop_2_2,0.582,1.561,1.36,0.8,1.855,1.779,2.361,2.818,2.238,2.51,2.369,1.626
IID_Drop_3_1,0.559,1.498,1.306,0.768,1.781,1.708,2.266,2.705,2.148,2.41,2.275,1.561
IID_Drop_3_2,0.582,1.561,1.36,0.8,1.855,1.779,2.361,2.818,2.238,2.51,2.369,1.626
IID_Drop_4_1,1.416,3.88,2.594,0.622,1.316,5.069,5.893,6.292,5.995,6.321,4.598,4.776
IID_Drop_4_2,1.359,3.725,2.49,0.597,1.263,4.867,5.657,6.04,5.755,6.069,4.415,4.585
IID_Drop_5_1,0.233,0.624,0.544,0.32,0.742,0.712,0.944,1.127,0.895,1.004,0.948,0.65
IID_Drop_5_2,0.233,0.624,0.544,0.32,0.742,0.712,0.944,1.127,0.895,1.004,0.948,0.65
Interlakes_1,1.182,1.464,1.329,1.309,1.218,1.195,1.023,1.258,1.682,1.871,1.375,1.078
Iron_Gate,7.15,10.031,9.556,11.837,4.318,3.421,9.417,13.774,8.731,6.168,6.833,8.068
IsabellaHydroGEN1,0.996,1.038,0.894,0.806,1.205,1.313,2.183,3.117,3.361,3.512,2.96,1.796
IsabellaHydroGEN2,0.996,1.038,0.894,0.806,1.205,1.313,2.183,3.117,3.361,3.512,2.96,1.796
James_B_Black_1,26.614,23.006,24.322,30.96,26.829,40.451,34.727,43.006,27.286,27.513,27.301,22.001
James_B_Black_2,26.332,22.763,24.065,30.633,26.544,40.022,34.36,42.55,26.998,27.222,27.011,21.768
Jaybird_H1,19.176,23.728,11.745,27.583,23.66,21.336,41.766,46.956,43.316,31.916,32.554,19.893
Jaybird_H2,19.176,23.728,11.745,27.583,23.66,21.336,41.766,46.956,43.316,31.916,32.554,19.893
JohnDay01,50.784,36.614,39.686,44.791,45.112,45.421,38.516,56.768,47.337,43.12,33.021,29.498
JohnDay02,50.784,36.614,39.686,44.791,45.112,45.421,38.516,56.768,47.337,43.12,33.021,29.498
JohnDay03,50.784,36.614,39.686,44.791,45.112,45.421,38.516,56.768,47.337,43.12,33.021,29.498
JohnDay04,50.784,36.614,39.686,44.791,45.112,45.421,38.516,56.768,47.337,43.12,33.021,29.498
JohnDay05,50.784,36.614,39.686,44.791,45.112,45.421,38.516,56.768,47.337,43.12,33.021,29.498
JohnDay06,50.784,36.614,39.686,44.791,45.112,45.421,38.516,56.768,47.337,43.12,33.021,29.498
JohnDay07,50.784,36.614,39.686,44.791,45.112,45.421,38.516,56.768,47.337,43.12,33.021,29.498
JohnDay08,50.784,36.614,39.686,44.791,45.112,45.421,38.516,56.768,47.337,43.12,33.021,29.498
JohnDay09,50.784,36.614,39.686,44.791,45.112,45.421,38.516,56.768,47.337,43.12,33.021,29.498
JohnDay10,50.784,36.614,39.686,44.791,45.112,45.421,38.516,56.768,47.337,43.12,33.021,29.498
JohnDay11,50.784,36.614,39.686,44.791,45.112,45.421,38.516,56.768,47.337,43.12,33.021,29.498
JohnDay12,50.784,36.614,39.686,44.791,45.112,45.421,38.516,56.768,47.337,43.12,33.021,29.498
JohnDay13,50.784,36.614,39.686,44.791,45.112,45.421,38.516,56.768,47.337,43.12,33.021,29.498
JohnDay14,50.784,36.614,39.686,44.791,45.112,45.421,38.516,56.768,47.337,43.12,33.021,29.498
JohnDay15,50.784,36.614,39.686,44.791,45.112,45.421,38.516,56.768,47.337,43.12,33.021,29.498
JohnDay16,50.784,36.614,39.686,44.791,45.112,45.421,38.516,56.768,47.337,43.12,33.021,29.498
JohnHart1,4.689,4.028,4.467,4.55,3.278,4.629,5.579,7.684,7.56,5.129,2.925,2.983
JohnHart2,4.689,4.028,4.467,4.55,3.278,4.629,5.579,7.684,7.56,5.129,2.925,2.983
JohnHart3,4.689,4.028,4.467,4.55,3.278,4.629,5.579,7.684,7.56,5.129,2.925,2.983
JohnHart4,4.689,4.028,4.467,4.55,3.278,4.629,5.579,7.684,7.56,5.129,2.925,2.983
JohnHart5,4.689,4.028,4.467,4.55,3.278,4.629,5.579,7.684,7.56,5.129,2.925,2.983
JohnHart6,4.689,4.028,4.467,4.55,3.278,4.629,5.579,7.684,7.56,5.129,2.925,2.983
Jordan_River,36.84753,33.61945,35.57039,36.37603,31.45485,44.49667,43.92417,78.50691,68.18566,36.40991,22.10638,25.66377
Kananaskis1_1,1.063,1.318,1.196,1.178,1.096,1.076,0.92,1.132,1.514,1.684,1.238,0.97
Kananaskis2_HY2,1.063,1.318,1.196,1.178,1.096,1.076,0.92,1.132,1.514,1.684,1.238,0.97
Kananaskis3_HY3,2.363,2.928,2.658,2.617,2.436,2.391,2.045,2.515,3.363,3.743,2.751,2.155
KaselWitherpoonCoLS1,0.019,0.017,0.017,0.017,0.019,0.021,0.027,0.038,0.039,0.039,0.033,0.022
KaselWitherpoonCoLS2,0.019,0.017,0.017,0.017,0.019,0.021,0.027,0.038,0.039,0.039,0.033,0.022
KaselWitherpoonCoLS3,0.019,0.017,0.017,0.017,0.019,0.021,0.027,0.038,0.039,0.039,0.033,0.022
KaselWitherpoonCoLS4,0.019,0.017,0.017,0.017,0.019,0.021,0.027,0.038,0.039,0.039,0.033,0.022
KaselWitherpoonCoLS5,0.019,0.017,0.017,0.017,0.019,0.021,0.027,0.038,0.039,0.039,0.033,0.022
KaselWitherpoonCoUE5,0.019,0.017,0.017,0.017,0.019,0.021,0.027,0.038,0.039,0.039,0.033,0.022
KaselWitherpoonCoUW1,0.038,0.034,0.034,0.035,0.039,0.041,0.054,0.077,0.078,0.078,0.066,0.044
KaselWitherpoonCoUW2,0.038,0.034,0.034,0.035,0.039,0.041,0.054,0.077,0.078,0.078,0.066,0.044
KaselWitherpoonCoUW3,0.038,0.034,0.034,0.035,0.039,0.041,0.054,0.077,0.078,0.078,0.066,0.044
KaselWitherpoonCoUW4,0.038,0.034,0.034,0.035,0.039,0.041,0.054,0.077,0.078,0.078,0.066,0.044
Kaweah1,0.838,0.7,0.748,0.832,0.777,0.811,0.835,1.179,1.113,1.046,0.869,0.673
Kaweah2,0.667,0.557,0.595,0.662,0.618,0.645,0.665,0.938,0.885,0.832,0.691,0.535
Kaweah3-1,0.887,0.741,0.791,0.88,0.821,0.858,0.884,1.247,1.177,1.106,0.919,0.712
Kaweah3-2,0.887,0.741,0.791,0.88,0.821,0.858,0.884,1.247,1.177,1.106,0.919,0.712
Kemano_1,28.913,37.982,32.126,29.628,28.519,24.89,30.166,47.597,51.858,49.654,42.817,35.778
Kemano_2,28.913,37.982,32.126,29.628,28.519,24.89,30.166,47.597,51.858,49.654,42.817,35.778
Kemano_3,28.913,37.982,32.126,29.628,28.519,24.89,30.166,47.597,51.858,49.654,42.817,35.778
Kemano_4,28.913,37.982,32.126,29.628,28.519,24.89,30.166,47.597,51.858,49.654,42.817,35.778
Kemano_5,28.913,37.982,32.126,29.628,28.519,24.89,30.166,47.597,51.858,49.654,42.817,35.778
Kemano_6,28.913,37.982,32.126,29.628,28.519,24.89,30.166,47.597,51.858,49.654,42.817,35.778
Kemano_7,28.913,37.982,32.126,29.628,28.519,24.89,30.166,47.597,51.858,49.654,42.817,35.778
Kemano_8,28.913,37.982,32.126,29.628,28.519,24.89,30.166,47.597,51.858,49.654,42.817,35.778
Kerr_KER1,27.939,28.191,30.762,31.535,22.17,13.876,24.493,45.999,44.32,40.893,27.465,13.335
Kerr_KER2,19.945,20.125,21.96,22.512,15.827,9.906,17.485,32.838,31.639,29.193,19.607,9.52
Kerr_KER3,34.271,34.58,37.733,38.682,27.195,17.02,30.043,56.424,54.364,50.161,33.689,16.358
Koma_Kulshan,1.373,1.432,1.233,1.111,1.662,1.811,3.01,4.298,4.635,4.844,4.082,2.476
KootenayCanal1,31.69971,28.92261,30.601,31.29409,27.06042,38.28023,37.7877,67.53903,58.65972,31.32323,19.01799,22.07839
KootenayCanal2,31.91646,29.12037,30.81024,31.50806,27.24545,38.54197,38.04608,68.00084,59.06081,31.53741,19.14803,22.22935
KootenayCanal3,32.13321,29.31813,31.01947,31.72204,27.43048,38.80371,38.30446,68.46264,59.46191,31.75158,19.27806,22.38032
KootenayCanal4,32.34996,29.51589,31.22871,31.93602,27.61551,39.06546,38.56284,68.92445,59.863,31.96576,19.4081,22.53128
Koyle_Ranch,0.235,0.214,0.21,0.217,0.242,0.258,0.337,0.479,0.489,0.49,0.411,0.275
L_Bonnington_1,3.468003,3.164183,3.347802,3.423626,2.960457,4.187922,4.13404,7.388885,6.417474,3.426815,2.0806,2.415414
L_Bonnington_2,3.468003,3.164183,3.347802,3.423626,2.960457,4.187922,4.13404,7.388885,6.417474,3.426815,2.0806,2.415414
L_Bonnington_3,3.034502,2.76866,2.929326,2.995673,2.590399,3.664432,3.617285,6.465274,5.61529,2.998463,1.820525,2.113487
LaGrande_1,2.742,1.888,2.395,3.136,0.644,0.561,1.719,1.566,0.62,0.275,0.32,1.681
LaGrande_2,2.742,1.888,2.395,3.136,0.644,0.561,1.719,1.566,0.62,0.275,0.32,1.681
LaGrande_3,2.742,1.888,2.395,3.136,0.644,0.561,1.719,1.566,0.62,0.275,0.32,1.681
LaGrande_4,2.742,1.888,2.395,3.136,0.644,0.561,1.719,1.566,0.62,0.275,0.32,1.681
LaGrande_5,18.281,12.588,15.965,20.907,4.292,3.738,11.459,10.438,4.136,1.833,2.134,11.205
La_Joie_1,5.418754,4.944036,5.23094,5.349417,4.625713,6.543628,6.459437,11.54513,10.0273,5.354399,3.250938,3.774084
Ladore_Falls_1,5.093629,4.647394,4.917083,5.028452,4.34817,6.151011,6.071871,10.85242,9.425664,5.033135,3.055882,3.547639
Ladore_Falls_2,5.093629,4.647394,4.917083,5.028452,4.34817,6.151011,6.071871,10.85242,9.425664,5.033135,3.055882,3.547639
Lahontan_1,0.189,0.156,0.169,0.189,0.173,0.18,0.18,0.254,0.237,0.22,0.183,0.145
Lahontan_2,0.189,0.156,0.169,0.189,0.173,0.18,0.18,0.254,0.237,0.22,0.183,0.145
Lahontan_3,0.189,0.156,0.169,0.189,0.173,0.18,0.18,0.254,0.237,0.22,0.183,0.145
LakeMathews,1.826,1.525,1.629,1.812,1.691,1.766,1.819,2.567,2.423,2.277,1.893,1.466
LakeMendocino,0.664,0.563,0.517,0.54,0.658,0.722,0.866,1.178,1.17,1.169,1.023,0.738
Lakewood_Hydro,0.86,0.654,0.575,0.604,0.808,0.852,0.863,1.298,1.262,1.304,1.066,0.819
LamontUprStave1,4.179,5.49,4.643,4.282,4.122,3.598,4.36,6.879,7.495,7.177,6.188,5.171
LamontUprStave2,4.179,5.49,4.643,4.282,4.122,3.598,4.36,6.879,7.495,7.177,6.188,5.171
LateralVentures,0.387,0.353,0.346,0.358,0.399,0.424,0.556,0.79,0.805,0.808,0.677,0.453
Leaburg_1,3.139,2.598,2.8,3.135,2.876,2.997,2.995,4.224,3.938,3.661,3.038,2.408
Leaburg_2,3.923,3.248,3.5,3.918,3.595,3.746,3.743,5.279,4.922,4.576,3.797,3.01
Lemolo_2_1,12.333,13.143,9.799,14.641,10.328,8.608,8.57,17.526,12.278,9.348,7.097,7.007
LimeSaddle1,0.1895,0.161,0.1475,0.154,0.188,0.2065,0.2475,0.3365,0.3345,0.334,0.2925,0.211
LimeSaddle2,0.1895,0.161,0.1475,0.154,0.188,0.2065,0.2475,0.3365,0.3345,0.334,0.2925,0.211
LittleMac1,0.056,0.051,0.05,0.052,0.058,0.062,0.081,0.115,0.117,0.118,0.099,0.066
LittleMac2,0.075,0.069,0.067,0.069,0.077,0.082,0.108,0.153,0.156,0.157,0.131,0.088
LittleMac3,0.075,0.069,0.067,0.069,0.077,0.082,0.108,0.153,0.156,0.157,0.131,0.088
LittleMac4,0.075,0.069,0.067,0.069,0.077,0.082,0.108,0.153,0.156,0.157,0.131,0.088
LittleWoodHydro,0.535,0.488,0.479,0.495,0.552,0.587,0.769,1.093,1.114,1.117,0.937,0.627
Little_Falls_1,3.984,3.298,3.554,3.978,3.65,3.803,3.801,5.361,4.998,4.646,3.856,3.056
Little_Falls_2,3.984,3.298,3.554,3.978,3.65,3.803,3.801,5.361,4.998,4.646,3.856,3.056
Little_Falls_3,3.984,3.298,3.554,3.978,3.65,3.803,3.801,5.361,4.998,4.646,3.856,3.056
Little_Falls_4,3.984,3.298,3.554,3.978,3.65,3.803,3.801,5.361,4.998,4.646,3.856,3.056
Little_Goose_1,22.298,14.664,15.347,19.407,16.522,22.293,36.164,74.453,38.413,18.727,13.244,14.455
Little_Goose_2,22.298,14.664,15.347,19.407,16.522,22.293,36.164,74.453,38.413,18.727,13.244,14.455
Little_Goose_3,22.298,14.664,15.347,19.407,16.522,22.293,36.164,74.453,38.413,18.727,13.244,14.455
Little_Goose_4,22.298,14.664,15.347,19.407,16.522,22.293,36.164,74.453,38.413,18.727,13.244,14.455
Little_Goose_5,22.298,14.664,15.347,19.407,16.522,22.293,36.164,74.453,38.413,18.727,13.244,14.455
Little_Goose_6,22.298,14.664,15.347,19.407,16.522,22.293,36.164,74.453,38.413,18.727,13.244,14.455
LittlewoodArksh,0.163,0.149,0.146,0.151,0.168,0.179,0.235,0.334,0.34,0.341,0.286,0.191
Long_Lake_1,9.545,7.902,8.515,9.533,8.746,9.113,9.107,12.844,11.976,11.132,9.238,7.322
Long_Lake_2,9.545,7.902,8.515,9.533,8.746,9.113,9.107,12.844,11.976,11.132,9.238,7.322
Long_Lake_3,9.545,7.902,8.515,9.533,8.746,9.113,9.107,12.844,11.976,11.132,9.238,7.322
Long_Lake_4,9.545,7.902,8.515,9.533,8.746,9.113,9.107,12.844,11.976,11.132,9.238,7.322
Loon_Lake_H1,15.715,9.628,2.174,6.836,1.405,2.164,9.691,8.218,32.808,17.802,5.68,2.669
LostCreek_CA,0.323,0.273,0.251,0.262,0.32,0.351,0.42,0.572,0.569,0.568,0.497,0.359
LowLineMdwy2SoForks1,0.751,0.685,0.672,0.695,0.775,0.824,1.08,1.534,1.564,1.568,1.315,0.88
LowLineRapids,1.497,1.365,1.339,1.385,1.543,1.642,2.151,3.056,3.116,3.125,2.619,1.754
LowerBaker4,17.776,14.716,15.858,17.753,16.288,16.972,16.96,23.92,22.303,20.732,17.205,13.636
LowerNo12,1.503,1.37,1.344,1.39,1.549,1.648,2.159,3.068,3.128,3.136,2.629,1.76
LowerNo21,0.564,0.514,0.504,0.521,0.581,0.618,0.81,1.151,1.173,1.176,0.986,0.66
Lower_Clowhom_1,2.825,3.71,3.138,2.894,2.786,2.432,2.947,4.65,5.066,4.851,4.183,3.495
Lower_Molina_1,1.194,0.908,0.798,0.839,1.122,1.183,1.199,1.802,1.753,1.811,1.481,1.137
Lower_Salmon_1,4.077,3.375,3.637,4.072,3.736,3.893,3.89,5.486,5.115,4.755,3.946,3.128
Lower_Salmon_2,4.077,3.375,3.637,4.072,3.736,3.893,3.89,5.486,5.115,4.755,3.946,3.128
Lower_Salmon_3,4.077,3.375,3.637,4.072,3.736,3.893,3.89,5.486,5.115,4.755,3.946,3.128
Lower_Salmon_4,4.077,3.375,3.637,4.072,3.736,3.893,3.89,5.486,5.115,4.755,3.946,3.128
LuckyPeak131,0.326,0.838,0.289,0.274,0.307,0.416,2.577,7.187,9.242,10.559,10.096,5.517
LuckyPeak132,0.979,2.514,0.867,0.821,0.922,1.249,7.732,21.561,27.725,31.677,30.288,16.552
LuckyPeak133,0.245,0.628,0.217,0.205,0.231,0.312,1.933,5.39,6.931,7.919,7.572,4.138
Lundy1,0.559,0.467,0.499,0.555,0.518,0.541,0.557,0.786,0.742,0.697,0.579,0.449
Lundy2,0.559,0.467,0.499,0.555,0.518,0.541,0.557,0.786,0.742,0.697,0.579,0.449
Madison_MAD1,1.662,1.061,1.113,1.309,1.451,1.407,1.52,1.778,1.637,1.526,1.072,0.913
Madison_MAD2,1.662,1.061,1.113,1.309,1.451,1.407,1.52,1.778,1.637,1.526,1.072,0.913
Madison_MAD3,1.662,1.061,1.113,1.309,1.451,1.407,1.52,1.778,1.637,1.526,1.072,0.913
Madison_MAD4,1.662,1.061,1.113,1.309,1.451,1.407,1.52,1.778,1.637,1.526,1.072,0.913
MagicDam1,0.564,0.514,0.504,0.521,0.581,0.618,0.81,1.151,1.173,1.176,0.986,0.66
MagicDam2,0.564,0.514,0.504,0.521,0.581,0.618,0.81,1.151,1.173,1.176,0.986,0.66
MagicDam3,0.564,0.514,0.504,0.521,0.581,0.618,0.81,1.151,1.173,1.176,0.986,0.66
MainCanal,0.782,1.596,0.701,0.662,0.9,1.181,3.93,4.923,5.618,5.229,5.332,3.681
MammothPool1,6.94,4.516,0,0.681,39.64,40.173,39.842,46.407,49.942,52.979,39.116,17.579
MammothPool2,6.94,4.516,0,0.681,39.64,40.173,39.842,46.407,49.942,52.979,39.116,17.579
Mamquam_1,7.453,9.791,8.281,7.637,7.352,6.416,7.776,12.27,13.368,12.8,11.037,9.223
Mamquam_2,7.453,9.791,8.281,7.637,7.352,6.416,7.776,12.27,13.368,12.8,11.037,9.223
ManitouSprings1,0.614,0.467,0.41,0.432,0.577,0.609,0.617,0.927,0.902,0.932,0.762,0.585
ManitouSprings2,0.614,0.467,0.41,0.432,0.577,0.609,0.617,0.927,0.902,0.932,0.762,0.585
ManitouSprings3,0.246,0.187,0.164,0.173,0.231,0.244,0.247,0.371,0.361,0.373,0.305,0.234
Marion3_Creek,1.182,1.553,1.314,1.211,1.166,1.018,1.233,1.946,2.12,2.03,1.751,1.463
Marys_Lake_1,1.99,1.514,1.33,1.398,1.869,1.972,1.998,3.003,2.921,3.018,2.468,1.895
Mayfield_41,23.31,13.56,26.941,23.908,15.028,11.558,6.389,14.009,15.336,10.346,12.228,14.565
Mayfield_42,23.31,13.56,26.941,23.908,15.028,11.558,6.389,14.009,15.336,10.346,12.228,14.565
Mayfield_43,23.31,13.56,26.941,23.908,15.028,11.558,6.389,14.009,15.336,10.346,12.228,14.565
Mayfield_44,23.31,13.56,26.941,23.908,15.028,11.558,6.389,14.009,15.336,10.346,12.228,14.565
McNair_Creek_1,2.519,3.309,2.799,2.581,2.484,2.168,2.628,4.146,4.517,4.325,3.73,3.117
McNaryFishway,6.619,5.479,5.905,6.61,6.064,6.319,6.315,8.906,8.304,7.719,6.406,5.077
McPhee_1,0.315,0.239,0.21,0.221,0.295,0.312,0.316,0.475,0.462,0.477,0.39,0.299
Mears_Creek_1,0.977,1.283,1.085,1.001,0.963,0.841,1.019,1.608,1.752,1.677,1.446,1.209
MeyersFalls1,0.026,0.054,0.024,0.022,0.03,0.04,0.132,0.165,0.189,0.176,0.179,0.124
MeyersFalls2,0.009,0.018,0.008,0.007,0.01,0.013,0.044,0.055,0.063,0.059,0.06,0.041
Mica_1,280.8228,313.5377,205.6602,269.1838,90.12699,23.58949,67.328,7.957165,7.450672,145.9268,223.4214,301.7894
Mica_2,280.8228,313.5377,205.6602,269.1838,90.12699,23.58949,67.328,7.957165,7.450672,145.9268,223.4214,301.7894
Mica_3,281.679,314.4936,206.2872,270.0044,90.40177,23.66141,67.53327,7.981424,7.473388,146.3717,224.1026,302.7095
Mica_4,281.679,314.4936,206.2872,270.0044,90.40177,23.66141,67.53327,7.981424,7.473388,146.3717,224.1026,302.7095
MichellButte,0.596,0.533,0.539,0.577,0.571,0.609,0.688,0.931,0.908,0.888,0.762,0.535
MiddleForkIrrD1,0.57,0.51,0.516,0.553,0.546,0.583,0.658,0.891,0.869,0.85,0.729,0.512
MiddleForkIrrD2,0.143,0.128,0.129,0.138,0.137,0.146,0.165,0.223,0.217,0.213,0.182,0.128
MiddleForkIrrD3,0.228,0.204,0.206,0.221,0.218,0.233,0.263,0.357,0.348,0.34,0.292,0.205
MiddleGorge1,9.362,7.751,8.352,9.35,8.578,8.939,8.932,12.598,11.746,10.919,9.061,7.182
Mile28Water1,0.282,0.257,0.252,0.261,0.29,0.309,0.405,0.575,0.587,0.588,0.493,0.33
Mile28Water2,0.282,0.257,0.252,0.261,0.29,0.309,0.405,0.575,0.587,0.588,0.493,0.33
MillerCreek1,3.791,4.98,4.212,3.885,3.739,3.263,3.955,6.241,6.799,6.51,5.614,4.691
MillerCreek2,3.791,4.98,4.212,3.885,3.739,3.263,3.955,6.241,6.799,6.51,5.614,4.691
Milner_Hydro_1,1.471,1.218,1.312,1.469,1.348,1.404,1.403,1.979,1.845,1.715,1.424,1.128
Milner_Hydro_2,1.471,1.218,1.312,1.469,1.348,1.404,1.403,1.979,1.845,1.715,1.424,1.128
Milner_Hydro_3,0.021,0.017,0.019,0.021,0.019,0.02,0.02,0.028,0.026,0.024,0.02,0.016
Minidoka_6,0.655,0.542,0.584,0.654,0.6,0.625,0.625,0.881,0.821,0.764,0.634,0.502
Minidoka_7,1.212,1.004,1.082,1.211,1.111,1.157,1.157,1.631,1.521,1.414,1.173,0.93
Minidoka_8,2.425,2.007,2.163,2.421,2.222,2.315,2.313,3.263,3.042,2.828,2.347,1.86
Minidoka_9,2.425,2.007,2.163,2.421,2.222,2.315,2.313,3.263,3.042,2.828,2.347,1.86
MoccasinLowHead,0,0.235,0,0,0.558,1.039,1.397,1.255,1.213,1.478,1.128,0.663
Mojave_Siphon_1,1.393,2.163,2.137,2.156,1.615,2.009,1.857,1.965,2.372,2.888,2.362,1.752
Mojave_Siphon_2,1.393,2.163,2.137,2.156,1.615,2.009,1.857,1.965,2.372,2.888,2.362,1.752
Mojave_Siphon_3,1.393,2.163,2.137,2.156,1.615,2.009,1.857,1.965,2.372,2.888,2.362,1.752
Monroe_Street_6,8.428,6.977,7.519,8.417,7.722,8.047,8.041,11.341,10.574,9.83,8.157,6.465
MontgomeryCreekHydro,0.493,0.418,0.384,0.401,0.489,0.537,0.643,0.875,0.87,0.868,0.76,0.549
Montrose_Creek1,11.296,14.838,12.551,11.575,11.141,9.724,11.785,18.595,20.259,19.398,16.727,13.977
Montrose_Creek2,11.296,14.838,12.551,11.575,11.141,9.724,11.785,18.595,20.259,19.398,16.727,13.977
Morony_MOR1,8.99,9.35,9.721,10.517,6.89,7.958,8.428,13.716,15.75,13.704,10.547,10.112
Morony_MOR2,8.99,9.35,9.721,10.517,6.89,7.958,8.428,13.716,15.75,13.704,10.547,10.112
Mossyrock_51,34.093,18.211,38.971,37.618,20.143,18.625,17.055,20.207,19.287,13.51,14.554,16.782
Mossyrock_52,34.093,18.211,38.971,37.618,20.143,18.625,17.055,20.207,19.287,13.51,14.554,16.782
Murphys_1,0.854,0.724,0.664,0.694,0.846,0.929,1.113,1.514,1.505,1.503,1.316,0.949
Mystic_MYS1,2.153,1.375,1.442,1.695,1.88,1.823,1.969,2.304,2.121,1.977,1.389,1.183
Mystic_MYS2,2.153,1.375,1.442,1.695,1.88,1.823,1.969,2.304,2.121,1.977,1.389,1.183
NacimientoHydro1,0.759,0.643,0.59,0.617,0.752,0.826,0.989,1.346,1.338,1.336,1.17,0.844
NacimientoHydro2,0.076,0.064,0.059,0.062,0.075,0.083,0.099,0.135,0.134,0.134,0.117,0.084
Navajo_Dam_1,2.702,2.237,2.41,2.698,2.476,2.58,2.578,3.636,3.39,3.151,2.615,2.073
Navajo_Dam_2,2.702,2.237,2.41,2.698,2.476,2.58,2.578,3.636,3.39,3.151,2.615,2.073
NelsonCreek1296,0.228,0.193,0.177,0.185,0.226,0.248,0.297,0.404,0.401,0.401,0.351,0.253
NineMile3,2.201,1.822,1.963,2.198,2.017,2.101,2.1,2.962,2.761,2.567,2.13,1.688
NineMile4,2.201,1.822,1.963,2.198,2.017,2.101,2.1,2.962,2.761,2.567,2.13,1.688
NorthFork_CO,1.351,1.028,0.903,0.949,1.269,1.339,1.357,2.039,1.984,2.049,1.676,1.287
NorthFork_OR1,6.496,2.199,8.619,9.239,4.075,5.867,9.258,8.29,5.214,2.638,1.815,1.625
NorthFork_OR2,7.309,2.474,9.697,10.393,4.584,6.6,10.416,9.326,5.865,2.967,2.041,1.829
NorthHollywood1-1,0.675,0.559,0.603,0.674,0.619,0.645,0.644,0.908,0.847,0.788,0.654,0.518
NorthHollywood1-2,0.675,0.559,0.603,0.674,0.619,0.645,0.644,0.908,0.847,0.788,0.654,0.518
NorthHollywood1-3,0.675,0.559,0.603,0.674,0.619,0.645,0.644,0.908,0.847,0.788,0.654,0.518
NotchButteGeoBon2,0.175,0.159,0.156,0.162,0.18,0.192,0.251,0.357,0.364,0.365,0.306,0.205
Noxon_Rapids_1,22.584,19.988,21.945,21.782,19.356,14.407,25.907,63.725,68.591,33.532,18.818,11.563
Noxon_Rapids_2,15.228,13.478,14.797,14.687,13.051,9.714,17.468,42.968,46.249,22.61,12.689,7.797
Noxon_Rapids_3,22.584,19.988,21.945,21.782,19.356,14.407,25.907,63.725,68.591,33.532,18.818,11.563
Noxon_Rapids_4,22.564,19.971,21.926,21.763,19.339,14.394,25.884,63.669,68.531,33.502,18.802,11.553
Noxon_Rapids_5,22.603,20.006,21.964,21.801,19.373,14.419,25.93,63.781,68.651,33.561,18.835,11.573
Oak_Flat_1,0.247,0.209,0.192,0.2,0.244,0.268,0.322,0.437,0.435,0.434,0.38,0.274
Oak_Grove_1,7.5,7.905,8.374,8.121,6.68,7.611,8.845,8.771,7.229,6.217,6.712,7.4
Oak_Grove_2,7.5,7.905,8.374,8.121,6.68,7.611,8.845,8.771,7.229,6.217,6.712,7.4
Oneida_1,0.227,0.718,0.718,0.752,0.181,0.768,2.161,2.691,1.732,1.3,1.245,0.471
Oneida_2,0.227,0.718,0.718,0.752,0.181,0.768,2.161,2.691,1.732,1.3,1.245,0.471
Oneida_3,0.227,0.718,0.718,0.752,0.181,0.768,2.161,2.691,1.732,1.3,1.245,0.471
OwyheeDam,1.425,1.276,1.29,1.381,1.365,1.456,1.646,2.228,2.172,2.125,1.824,1.28
Oxbow_(OR)_1,16.925,13.721,13.264,16.491,13.06,15.978,17.39,29.872,20.836,18.412,14.176,13.306
Oxbow_(OR)_2,16.925,13.721,13.264,16.491,13.06,15.978,17.39,29.872,20.836,18.412,14.176,13.306
Oxbow_(OR)_3,16.925,13.721,13.264,16.491,13.06,15.978,17.39,29.872,20.836,18.412,14.176,13.306
Oxbow_(OR)_4,16.925,13.721,13.264,16.491,13.06,15.978,17.39,29.872,20.836,18.412,14.176,13.306
PEC_Headworks_1,0,0.317,0,0,0,0.694,3.893,4.084,4.546,3.822,2.531,2.12
PHP1-1,6.894,1.35,10.763,8.364,3.429,5.326,11.187,7.811,4.416,2.018,2.485,0.555
Packwood,5.94,4.917,5.299,5.932,5.443,5.671,5.667,7.993,7.453,6.928,5.749,4.557
Palisades_1,1.089,6.696,1.177,1.199,1.095,1.269,4.209,17.415,27.895,28.336,23.908,16.04
Palisades_2,1.089,6.696,1.177,1.199,1.095,1.269,4.209,17.415,27.895,28.336,23.908,16.04
Palisades_3,1.089,6.696,1.177,1.199,1.095,1.269,4.209,17.415,27.895,28.336,23.908,16.04
Palisades_4,1.089,6.696,1.177,1.199,1.095,1.269,4.209,17.415,27.895,28.336,23.908,16.04
Parker_1,0.712,0.603,0.553,0.578,0.705,0.774,0.928,1.262,1.254,1.252,1.097,0.791
Peace_Canyon_1,98.89419,44.84455,111.1535,117.1495,127.0662,139.1859,95.54215,25.9689,21.92213,79.09237,82.25648,35.34797
Peace_Canyon_2,98.89419,44.84455,111.1535,117.1495,127.0662,139.1859,95.54215,25.9689,21.92213,79.09237,82.25648,35.34797
Peace_Canyon_3,98.89419,44.84455,111.1535,117.1495,127.0662,139.1859,95.54215,25.9689,21.92213,79.09237,82.25648,35.34797
Peace_Canyon_4,98.89419,44.84455,111.1535,117.1495,127.0662,139.1859,95.54215,25.9689,21.92213,79.09237,82.25648,35.34797
Pelton_1,13.877,13.173,13.533,15.004,12.078,13.455,12.934,15.19,12.009,11.828,11.58,11.645
Pelton_2,9.991,9.485,9.744,10.803,8.696,9.687,9.312,10.937,8.647,8.516,8.338,8.385
Pelton_3,9.991,9.485,9.744,10.803,8.696,9.687,9.312,10.937,8.647,8.516,8.338,8.385
Phoenix_1,0.379,0.322,0.295,0.308,0.376,0.413,0.495,0.673,0.669,0.668,0.585,0.422
Pilot_Knob_1,0.811,0,0,0.331,1.369,0.6,0.575,0,0,0.207,0.067,0
Pilot_Knob_2,0.811,0,0,0.331,1.369,0.6,0.575,0,0,0.207,0.067,0
Pine_Flat_1,0.055,7.196,0.504,0,0.055,2.074,11.727,35.654,47.842,48.145,31.924,12.934
Pine_Flat_2,0.055,7.196,0.504,0,0.055,2.074,11.727,35.654,47.842,48.145,31.924,12.934
Pine_Flat_3,0.055,7.196,0.504,0,0.055,2.074,11.727,35.654,47.842,48.145,31.924,12.934
Pingston_1,3.855,5.064,4.284,3.95,3.803,3.319,4.022,6.346,6.914,6.621,5.709,4.77
Pingston_2,3.855,5.064,4.284,3.95,3.803,3.319,4.022,6.346,6.914,6.621,5.709,4.77
Pingston_3,3.855,5.064,4.284,3.95,3.803,3.319,4.022,6.346,6.914,6.621,5.709,4.77
Pit_4_1,20.269,12.609,6.618,21.861,19.836,21.138,20.825,22.361,20.51,16.262,15.278,15.592
Pit_4_2,20.269,12.609,6.618,21.861,19.836,21.138,20.825,22.361,20.51,16.262,15.278,15.592
Pit_5_H1,18.572,15.468,17.096,11.668,18.218,22.213,21.557,26.716,19.159,14.915,13.943,13.977
Pit_5_H2,18.572,15.468,17.096,11.668,18.218,22.213,21.557,26.716,19.159,14.915,13.943,13.977
Pit_5_H3,18.572,15.468,17.096,11.668,18.218,22.213,21.557,26.716,19.159,14.915,13.943,13.977
Pit_5_H4,18.572,15.468,17.096,11.668,18.218,22.213,21.557,26.716,19.159,14.915,13.943,13.977
Pit_6_H1,13.835,11.171,12.613,18.408,13.43,20.536,18.729,25.587,15.198,11.895,11.408,10.482
Pit_6_H2,14.189,11.458,12.937,18.88,13.775,21.062,19.209,26.244,15.587,12.2,11.7,10.751
Pit_7_H1,20.37,15.038,17.606,26.708,21.352,30.701,27.64,37.617,22.572,16.255,15.296,13.999
Pit_7_H2,19.967,14.741,17.259,26.181,20.931,30.094,27.095,36.874,22.127,15.934,14.994,13.723
Pleasant_Valley,1.192,0.996,1.064,1.183,1.104,1.153,1.188,1.677,1.582,1.487,1.236,0.957
Poe_1,32.483,18.784,14.746,31.684,27.592,39.438,40.225,47.49,33.956,23.987,27.647,23.096
Poe_2,28.661,16.575,13.012,27.956,24.345,34.798,35.493,41.903,29.962,21.165,24.394,20.379
PonderosaBaileyCreek,0.209,0.177,0.162,0.17,0.207,0.227,0.272,0.37,0.368,0.367,0.322,0.232
PortTownsend,0.012,0.024,0.01,0.01,0.013,0.018,0.059,0.073,0.084,0.078,0.08,0.055
Post_Falls_1,1.091,0.904,0.974,1.09,1,1.042,1.041,1.469,1.369,1.273,1.056,0.837
Post_Falls_2,1.091,0.904,0.974,1.09,1,1.042,1.041,1.469,1.369,1.273,1.056,0.837
Post_Falls_3,1.091,0.904,0.974,1.09,1,1.042,1.041,1.469,1.369,1.273,1.056,0.837
Post_Falls_4,1.091,0.904,0.974,1.09,1,1.042,1.041,1.469,1.369,1.273,1.056,0.837
Post_Falls_5,1.091,0.904,0.974,1.09,1,1.042,1.041,1.469,1.369,1.273,1.056,0.837
Post_Falls_6,1.736,1.438,1.549,1.734,1.591,1.658,1.657,2.337,2.179,2.025,1.681,1.332
Potholes_East,0.067,0.137,0.06,0.057,0.077,0.101,0.337,0.422,0.482,0.449,0.458,0.316
Prospect1,1.072,0.959,0.97,1.039,1.027,1.095,1.238,1.676,1.633,1.598,1.371,0.963
Prospect2-1,11.239,6.637,10.389,11.573,8.583,11.551,13.537,10.21,12.358,9.183,5.85,4.241
Prospect2-2,11.239,6.637,10.389,11.573,8.583,11.551,13.537,10.21,12.358,9.183,5.85,4.241
Prospect3,2.053,1.837,1.858,1.989,1.966,2.097,2.37,3.209,3.128,3.061,2.626,1.844
Prospect4,0.285,0.255,0.258,0.276,0.273,0.291,0.329,0.446,0.434,0.425,0.365,0.256
PtarmiganCreek1,0.463,0.608,0.514,0.474,0.456,0.398,0.483,0.762,0.83,0.794,0.685,0.572
PtarmiganCreek2,0.463,0.608,0.514,0.474,0.456,0.398,0.483,0.762,0.83,0.794,0.685,0.572
Puntledge_1,5.202004,4.746274,5.021702,5.13544,4.440685,6.281883,6.201059,11.08333,9.626211,5.140223,3.1209,3.62312
QuincyChute,0.274,0.56,0.246,0.232,0.316,0.414,1.378,1.727,1.971,1.834,1.87,1.291
Redlands,0.344,0.262,0.23,0.242,0.323,0.341,0.345,0.519,0.505,0.522,0.426,0.328
Revelstoke_1,212.2176,209.0817,143.8838,190.516,78.25056,28.62856,86.56732,106.3892,126.2455,161.5808,191.9443,224.6656
Revelstoke_2,212.2176,209.0817,143.8838,190.516,78.25056,28.62856,86.56732,106.3892,126.2455,161.5808,191.9443,224.6656
Revelstoke_3,212.2176,209.0817,143.8838,190.516,78.25056,28.62856,86.56732,106.3892,126.2455,161.5808,191.9443,224.6656
Revelstoke_4,212.2176,209.0817,143.8838,190.516,78.25056,28.62856,86.56732,106.3892,126.2455,161.5808,191.9443,224.6656
Revelstoke_5,212.2176,209.0817,143.8838,190.516,78.25056,28.62856,86.56732,106.3892,126.2455,161.5808,191.9443,224.6656
River_Mill_1,1.327,0.54,1.758,1.63,0.867,1.077,1.962,1.721,1.097,0.606,0.436,0.411
River_Mill_2,1.327,0.54,1.758,1.63,0.867,1.077,1.962,1.721,1.097,0.606,0.436,0.411
River_Mill_3,1.327,0.54,1.758,1.63,0.867,1.077,1.962,1.721,1.097,0.606,0.436,0.411
River_Mill_4,1.569,0.638,2.077,1.926,1.025,1.273,2.318,2.034,1.296,0.716,0.516,0.485
River_Mill_5,2.011,0.818,2.663,2.469,1.314,1.632,2.972,2.607,1.661,0.918,0.661,0.622
Roaring_Creek1,0.379,0.322,0.295,0.308,0.376,0.413,0.495,0.673,0.669,0.668,0.585,0.422
Rock_Creek_H1,22.927,15.248,8.139,25.159,18.659,30.905,29.274,38.699,18.484,18.44,23.853,18.852
Rock_Creek_H2,22.886,15.221,8.124,25.115,18.627,30.85,29.222,38.631,18.451,18.408,23.812,18.819
Rock_Creek_I1,3.851,3.511,3.444,3.561,3.97,4.223,5.533,7.862,8.016,8.037,6.738,4.51
Rock_Creek_II1,0.357,0.325,0.319,0.33,0.368,0.391,0.513,0.729,0.743,0.745,0.624,0.418
Rock_Creek_LP1,0.474,0.402,0.369,0.385,0.47,0.516,0.618,0.841,0.836,0.835,0.731,0.527
Rock_Creek_LP2,0.474,0.402,0.369,0.385,0.47,0.516,0.618,0.841,0.836,0.835,0.731,0.527
Rocky_Brook,0.047,0.095,0.042,0.04,0.054,0.071,0.235,0.294,0.335,0.312,0.318,0.22
Rocky_Reach_C10,50.47,39.441,43.7,46.07,46.341,46.447,39.749,51.825,53.703,57.442,47.714,32.53
Rocky_Reach_C11,50.47,39.441,43.7,46.07,46.341,46.447,39.749,51.825,53.703,57.442,47.714,32.53
Rocky_Reach_C_1,45.882,35.855,39.728,41.882,42.129,42.225,36.136,47.114,48.821,52.22,43.376,29.573
Rocky_Reach_C_2,45.882,35.855,39.728,41.882,42.129,42.225,36.136,47.114,48.821,52.22,43.376,29.573
Rocky_Reach_C_3,45.882,35.855,39.728,41.882,42.129,42.225,36.136,47.114,48.821,52.22,43.376,29.573
Rocky_Reach_C_4,45.882,35.855,39.728,41.882,42.129,42.225,36.136,47.114,48.821,52.22,43.376,29.573
Rocky_Reach_C_5,45.882,35.855,39.728,41.882,42.129,42.225,36.136,47.114,48.821,52.22,43.376,29.573
Rocky_Reach_C_6,45.882,35.855,39.728,41.882,42.129,42.225,36.136,47.114,48.821,52.22,43.376,29.573
Rocky_Reach_C_7,45.882,35.855,39.728,41.882,42.129,42.225,36.136,47.114,48.821,52.22,43.376,29.573
Rocky_Reach_C_8,50.47,39.441,43.7,46.07,46.341,46.447,39.749,51.825,53.703,57.442,47.714,32.53
Rocky_Reach_C_9,50.47,39.441,43.7,46.07,46.341,46.447,39.749,51.825,53.703,57.442,47.714,32.53
Roosevelt,6.869,5.686,6.128,6.86,6.294,6.558,6.553,9.243,8.618,8.011,6.648,5.269
Ross_41,23.538,10.895,22.023,14.804,21.798,11.12,6.572,5.258,4.608,4.426,4.586,10.652
Ross_42,23.538,10.895,22.023,14.804,21.798,11.12,6.572,5.258,4.608,4.426,4.586,10.652
Ross_43,23.538,10.895,22.023,14.804,21.798,11.12,6.572,5.258,4.608,4.426,4.586,10.652
Ross_44,23.538,10.895,22.023,14.804,21.798,11.12,6.572,5.258,4.608,4.426,4.586,10.652
Round_Butte_1,26.398,25.057,25.794,28.476,22.907,25.77,24.752,28.815,22.718,22.143,21.757,22.138
Round_Butte_2,26.398,25.057,25.794,28.476,22.907,25.77,24.752,28.815,22.718,22.143,21.757,22.138
Round_Butte_3,26.398,25.057,25.794,28.476,22.907,25.77,24.752,28.815,22.718,22.143,21.757,22.138
Roza_1,3.44,2.847,3.068,3.435,3.152,3.284,3.282,4.628,4.315,4.011,3.329,2.638
Ruedi_1,1.229,0.934,0.821,0.863,1.154,1.218,1.234,1.854,1.803,1.863,1.523,1.17
Rundle1_1,4.018,4.978,4.518,4.45,4.142,4.064,3.477,4.276,5.718,6.363,4.676,3.664
Rundle2_2,7.09,8.79,7.973,7.85,7.31,7.17,6.14,7.55,10.1,11.2,8.25,6.47
Russell_D_smith,0.178,0.363,0.16,0.151,0.205,0.269,0.894,1.12,1.279,1.19,1.214,0.838
RutherfordCrk1,6.425,8.44,7.139,6.584,6.338,5.531,6.704,10.577,11.524,11.034,9.515,7.951
RutherfordCrk2,6.425,8.44,7.139,6.584,6.338,5.531,6.704,10.577,11.524,11.034,9.515,7.951
Ruxton_Park_1,0.295,0.224,0.197,0.207,0.277,0.292,0.296,0.445,0.433,0.447,0.366,0.281
Ryan1,4.991,5.787,5.559,5.207,3.94,4.32,4.581,6.24,6.578,6.339,5.457,5.391
Ryan2,4.984,5.779,5.551,5.199,3.934,4.314,4.574,6.231,6.569,6.33,5.449,5.383
Ryan3,4.991,5.787,5.559,5.207,3.94,4.32,4.581,6.24,6.578,6.339,5.457,5.391
Ryan4,4.984,5.779,5.551,5.199,3.934,4.314,4.574,6.231,6.569,6.33,5.449,5.383
Ryan5,4.991,5.787,5.559,5.207,3.94,4.32,4.581,6.24,6.578,6.339,5.457,5.391
Ryan6,4.991,5.787,5.559,5.207,3.94,4.32,4.581,6.24,6.578,6.339,5.457,5.391
S.CranberryCrk1,0.727,0.955,0.808,0.745,0.717,0.626,0.759,1.197,1.305,1.249,1.077,0.9
S.CranberryCrk2,0.727,0.955,0.808,0.745,0.717,0.626,0.759,1.197,1.305,1.249,1.077,0.9
S.CranberryCrk3,0.727,0.955,0.808,0.745,0.717,0.626,0.759,1.197,1.305,1.249,1.077,0.9
S.Sutton_Creek,1.259,1.654,1.399,1.29,1.242,1.084,1.314,2.073,2.259,2.163,1.865,1.558
S_E_Hazelton1,0.507,0.462,0.454,0.469,0.523,0.556,0.729,1.035,1.056,1.059,0.887,0.594
S_E_Hazelton2,0.507,0.462,0.454,0.469,0.523,0.556,0.729,1.035,1.056,1.059,0.887,0.594
S_E_Hazelton3,0.507,0.462,0.454,0.469,0.523,0.556,0.729,1.035,1.056,1.059,0.887,0.594
S_Slocan_1,4.118253,3.757467,3.975514,4.065557,3.515542,4.973158,4.909172,8.774301,7.62075,4.069343,2.470713,2.868303
S_Slocan_2,4.118253,3.757467,3.975514,4.065557,3.515542,4.973158,4.909172,8.774301,7.62075,4.069343,2.470713,2.868303
S_Slocan_3,4.118253,3.757467,3.975514,4.065557,3.515542,4.973158,4.909172,8.774301,7.62075,4.069343,2.470713,2.868303
Salida_1,0.197,0.149,0.131,0.138,0.185,0.195,0.197,0.297,0.289,0.298,0.244,0.187
Salida_2,0.147,0.112,0.099,0.104,0.138,0.146,0.148,0.222,0.216,0.224,0.183,0.14
Salmon_Inlet1,2.133,2.802,2.37,2.186,2.104,1.836,2.226,3.512,3.826,3.663,3.159,2.64
Salmon_Inlet2,2.133,2.802,2.37,2.186,2.104,1.836,2.226,3.512,3.826,3.663,3.159,2.64
Salt_Springs_1,3.485,1.649,1.618,4.174,3.764,6.943,5.677,7.857,9.589,9.629,8.705,7.331
Salt_Springs_2,8.411,3.98,3.906,10.073,9.084,16.758,13.701,18.962,23.142,23.238,21.011,17.692
SanFrancisq1-3,3.139,2.598,2.8,3.134,2.876,2.997,2.994,4.223,3.938,3.66,3.038,2.408
SanFrancisq1-4,3.348,2.771,2.987,3.343,3.067,3.196,3.194,4.505,4.2,3.905,3.24,2.568
SanFrancisq1-6,8.37,6.929,7.466,8.359,7.669,7.991,7.985,11.262,10.501,9.761,8.101,6.42
SanFrancisq1_1A,8.37,6.929,7.466,8.359,7.669,7.991,7.985,11.262,10.501,9.761,8.101,6.42
SanFrancisq2_1,2.81,2.326,2.507,2.806,2.575,2.683,2.681,3.781,3.526,3.277,2.72,2.156
SanFrancisq2_2,2.81,2.326,2.507,2.806,2.575,2.683,2.681,3.781,3.526,3.277,2.72,2.156
SanFrancisq2_3,2.81,2.326,2.507,2.806,2.575,2.683,2.681,3.781,3.526,3.277,2.72,2.156
SanGabrielHydroU1,1.453,1.214,1.297,1.442,1.346,1.405,1.448,2.043,1.929,1.812,1.506,1.167
SanGabrielHydroU2,0.41,0.342,0.366,0.407,0.38,0.396,0.408,0.576,0.544,0.511,0.425,0.329
San_Dimas_1,3.689,3.081,3.292,3.66,3.417,3.568,3.675,5.187,4.896,4.6,3.824,2.961
San_Dimas_Wash,0.391,0.327,0.349,0.388,0.362,0.378,0.39,0.55,0.519,0.488,0.406,0.314
San_Fernando_1,1.244,1.03,1.11,1.242,1.14,1.188,1.187,1.673,1.561,1.451,1.204,0.955
San_Fernando_2,1.244,1.03,1.11,1.242,1.14,1.188,1.187,1.673,1.561,1.451,1.204,0.955
SantaAna1-2,0.298,0.249,0.266,0.296,0.276,0.288,0.297,0.419,0.396,0.372,0.309,0.239
SantaAna1-3,0.298,0.249,0.266,0.296,0.276,0.288,0.297,0.419,0.396,0.372,0.309,0.239
SantaAna1-4,0.298,0.249,0.266,0.296,0.276,0.288,0.297,0.419,0.396,0.372,0.309,0.239
Santa_Ana1-1,0.298,0.249,0.266,0.296,0.276,0.288,0.297,0.419,0.396,0.372,0.309,0.239
Santa_Ana_3_1,1.155,0.965,1.031,1.146,1.07,1.117,1.151,1.624,1.533,1.441,1.197,0.927
Santa_Felicia1,0.15,0.15,0.145,0.15,0.135,0.15,0.145,0.15,0.145,0.15,0.15,0.145
Santa_Felicia2,0.823,0.823,0.797,0.823,0.744,0.823,0.797,0.823,0.797,0.823,0.823,0.797
ScottFlat7P,0.19,0.161,0.148,0.154,0.188,0.206,0.247,0.337,0.334,0.334,0.292,0.211
SepulvedaCanyon,3.353,2.801,2.992,3.327,3.106,3.243,3.341,4.715,4.451,4.182,3.476,2.692
Seton_1,10.40401,9.492549,10.0434,10.27088,8.881369,12.56377,12.40212,22.16666,19.25242,10.28045,6.241801,7.246241
Seven_Mile_1,43.62097,39.79949,42.10907,43.0628,37.23699,52.67621,51.99846,92.93832,80.71979,43.10291,26.17005,30.38137
Seven_Mile_2,43.62097,39.79949,42.10907,43.0628,37.23699,52.67621,51.99846,92.93832,80.71979,43.10291,26.17005,30.38137
Seven_Mile_3,43.62097,39.79949,42.10907,43.0628,37.23699,52.67621,51.99846,92.93832,80.71979,43.10291,26.17005,30.38137
Seven_Mile_4,43.62097,39.79949,42.10907,43.0628,37.23699,52.67621,51.99846,92.93832,80.71979,43.10291,26.17005,30.38137
Shasta_1,12.91,30.006,18.772,19.877,11.654,9.891,16.855,52.7,58.201,69.841,46.358,33.762
Shasta_2,12.91,30.006,18.772,19.877,11.654,9.891,16.855,52.7,58.201,69.841,46.358,33.762
Shasta_3,12.91,30.006,18.772,19.877,11.654,9.891,16.855,52.7,58.201,69.841,46.358,33.762
Shasta_4,12.91,30.006,18.772,19.877,11.654,9.891,16.855,52.7,58.201,69.841,46.358,33.762
Shasta_5,12.91,30.006,18.772,19.877,11.654,9.891,16.855,52.7,58.201,69.841,46.358,33.762
Sheep_Creek1,0.038,0.077,0.034,0.032,0.044,0.057,0.191,0.239,0.273,0.254,0.259,0.179
ShoshnFalls1,0.056,0.046,0.05,0.056,0.051,0.054,0.053,0.075,0.07,0.065,0.054,0.043
ShoshnFalls2,0.037,0.031,0.033,0.037,0.034,0.036,0.036,0.05,0.047,0.044,0.036,0.029
ShoshnFalls3,1.075,0.89,0.959,1.073,0.985,1.026,1.025,1.446,1.348,1.253,1.04,0.824
Shoshone_1,0.372,0.453,0.277,0.279,0.326,0.362,0.374,0.859,1.615,1.702,1.839,1.091
Shoshone_A,3.608,2.987,3.219,3.603,3.306,3.445,3.442,4.855,4.527,4.208,3.492,2.768
Shoshone_B,3.608,2.987,3.22,3.603,3.306,3.445,3.44,4.86,4.53,4.21,3.492,2.77
Shuswap_1,0.6502505,0.5932843,0.6277128,0.64193,0.5550856,0.7852354,0.7751324,1.385416,1.203276,0.6425278,0.3901125,0.45289
Shuswap_2,0.6502505,0.5932843,0.6277128,0.64193,0.5550856,0.7852354,0.7751324,1.385416,1.203276,0.6425278,0.3901125,0.45289
Silver_Lake,0.811,0.617,0.542,0.57,0.762,0.804,0.814,1.224,1.19,1.23,1.005,0.772
Siphon1,0.77,0.689,0.697,0.746,0.737,0.786,0.889,1.203,1.173,1.148,0.985,0.691
Siphon2,0.77,0.689,0.697,0.746,0.737,0.786,0.889,1.203,1.173,1.148,0.985,0.691
Site_980_65,0.712,0.603,0.553,0.578,0.705,0.774,0.928,1.262,1.254,1.252,1.097,0.791
Skookumchuck1,0.029,0.06,0.026,0.025,0.034,0.044,0.147,0.184,0.21,0.195,0.199,0.137
Slate_Creek,1.195,1.082,1.069,1.112,1.222,1.298,1.673,2.375,2.411,2.409,2.019,1.363
Slide_Creek_1,6.707,5.26,5.86,8.43,5.437,5.411,7.876,8.531,7.222,5.328,3.22,1.158
Smith_Falls1,3.179,2.632,2.836,3.175,2.913,3.035,3.033,4.278,3.989,3.708,3.077,2.439
Smith_Falls2,3.179,2.632,2.836,3.175,2.913,3.035,3.033,4.278,3.989,3.708,3.077,2.439
Smith_Falls3,0.371,0.307,0.331,0.37,0.34,0.354,0.354,0.499,0.465,0.433,0.359,0.285
Soda_1,0,0.073,0.03,0,0,0.116,0.943,1.196,1.034,1.771,1.22,0.275
Soda_2,0,0.073,0.03,0,0,0.116,0.943,1.196,1.034,1.771,1.22,0.275
Soda_Springs_1,3.963,2.074,2.924,5.612,2.988,1.439,5.29,7.417,4.327,2.478,1.823,1.771
Soo_River_1,1.714,2.252,1.905,1.757,1.691,1.476,1.789,2.822,3.075,2.944,2.539,2.121
Soo_River_2,1.714,2.252,1.905,1.757,1.691,1.476,1.789,2.822,3.075,2.944,2.539,2.121
SouthConsol,0.287,0.324,0.254,0.45,0.314,0.206,0.204,0.503,0.444,0.562,0.482,0.511
SouthDryCreekHydro1,0.999,0.62,0.655,0.782,0.869,0.884,0.91,0.972,0.96,0.944,0.718,0.604
SouthForkTolt,3.718,3.078,3.317,3.714,3.407,3.55,3.548,5.004,4.665,4.337,3.599,2.852
Spicer_Meadow1,0.529,0.449,0.412,0.43,0.524,0.576,0.69,0.939,0.933,0.932,0.816,0.589
Spicer_Meadow2,0.529,0.449,0.412,0.43,0.524,0.576,0.69,0.939,0.933,0.932,0.816,0.589
Spicer_Meadow3,0.099,0.084,0.077,0.08,0.098,0.107,0.129,0.175,0.174,0.174,0.152,0.11
Spillimacheen_1,0.2167502,0.1977614,0.2092376,0.2139767,0.1850285,0.2617451,0.2583775,0.4618053,0.4010921,0.2141759,0.1300375,0.1509633
Spillimacheen_2,0.2167502,0.1977614,0.2092376,0.2139767,0.1850285,0.2617451,0.2583775,0.4618053,0.4010921,0.2141759,0.1300375,0.1509633
Spillimacheen_3,0.6069005,0.553732,0.5858653,0.5991346,0.5180799,0.7328864,0.7234569,1.293055,1.123058,0.5996926,0.364105,0.4226974
SpiritMountain1,0.558,0.679,0.415,0.418,0.489,0.544,0.561,1.289,2.422,2.554,2.758,1.637
Spray1_1,10.871,13.47,12.226,12.04,11.208,10.997,9.408,11.57,15.472,17.218,12.652,9.914
Spray2_1,10.871,13.47,12.226,12.04,11.208,10.997,9.408,11.57,15.472,17.218,12.652,9.914
Springville,0.749,0.749,0.724,0.749,0.676,0.749,0.724,0.749,0.724,0.749,0.749,0.724
Stampede_1,0.114,0.096,0.089,0.093,0.113,0.124,0.148,0.202,0.201,0.2,0.175,0.127
Stampede_2,0.569,0.482,0.443,0.463,0.564,0.619,0.742,1.01,1.003,1.002,0.877,0.633
Stave_Falls_1,9.862133,8.998146,9.520311,9.735938,8.418798,11.9094,11.75617,21.01214,18.24969,9.745006,5.916707,6.868832
Stave_Falls_2,9.862133,8.998146,9.520311,9.735938,8.418798,11.9094,11.75617,21.01214,18.24969,9.745006,5.916707,6.868832
StewartMountain,2.787,2.307,2.486,2.783,2.554,2.661,2.659,3.75,3.497,3.25,2.697,2.138
Stokke1,2.832,3.721,3.147,2.902,2.794,2.438,2.955,4.662,5.08,4.864,4.194,3.505
Stokke2,2.832,3.721,3.147,2.902,2.794,2.438,2.955,4.662,5.08,4.864,4.194,3.505
Stone_Creek_1,2.765,2.289,2.466,2.761,2.533,2.64,2.638,3.72,3.469,3.224,2.676,2.121
StonyGorge1,0.474,0.402,0.369,0.385,0.47,0.516,0.618,0.841,0.836,0.835,0.731,0.527
StonyGorge2,0.474,0.402,0.369,0.385,0.47,0.516,0.618,0.841,0.836,0.835,0.731,0.527
Strathcona_1,7.04438,6.427247,6.800222,6.954242,6.013427,8.506717,8.397268,15.00867,13.03549,6.960718,4.226219,4.906309
Strathcona_2,7.04438,6.427247,6.800222,6.954242,6.013427,8.506717,8.397268,15.00867,13.03549,6.960718,4.226219,4.906309
StrawberryCreek1,0.062,0.075,0.046,0.046,0.054,0.06,0.062,0.143,0.269,0.284,0.306,0.182
StrawberryCreek2,0.062,0.075,0.046,0.046,0.054,0.06,0.062,0.143,0.269,0.284,0.306,0.182
StrawberryCreek3,0.062,0.075,0.046,0.046,0.054,0.06,0.062,0.143,0.269,0.284,0.306,0.182
Strontia1,0.123,0.093,0.082,0.086,0.115,0.122,0.123,0.185,0.18,0.186,0.152,0.117
Strontia2,0.123,0.093,0.082,0.086,0.115,0.122,0.123,0.185,0.18,0.186,0.152,0.117
Sugarloaf,0.614,0.467,0.41,0.432,0.577,0.609,0.617,0.927,0.902,0.932,0.762,0.585
Sullivan_1,0.836,0.788,0.798,0.868,0.735,0.728,0.874,0.87,0.85,0.505,0.719,0.765
Sullivan_10,0.836,0.788,0.798,0.868,0.735,0.728,0.874,0.87,0.85,0.505,0.719,0.765
Sullivan_11,0.836,0.788,0.798,0.868,0.735,0.728,0.874,0.87,0.85,0.505,0.719,0.765
Sullivan_12,0.836,0.788,0.798,0.868,0.735,0.728,0.874,0.87,0.85,0.505,0.719,0.765
Sullivan_13,0.836,0.788,0.798,0.868,0.735,0.728,0.874,0.87,0.85,0.505,0.719,0.765
Sullivan_2,0.836,0.788,0.798,0.868,0.735,0.728,0.874,0.87,0.85,0.505,0.719,0.765
Sullivan_3,0.836,0.788,0.798,0.868,0.735,0.728,0.874,0.87,0.85,0.505,0.719,0.765
Sullivan_4,0.836,0.788,0.798,0.868,0.735,0.728,0.874,0.87,0.85,0.505,0.719,0.765
Sullivan_5,0.836,0.788,0.798,0.868,0.735,0.728,0.874,0.87,0.85,0.505,0.719,0.765
Sullivan_6,0.836,0.788,0.798,0.868,0.735,0.728,0.874,0.87,0.85,0.505,0.719,0.765
Sullivan_7,0.836,0.788,0.798,0.868,0.735,0.728,0.874,0.87,0.85,0.505,0.719,0.765
Sullivan_8,0.836,0.788,0.798,0.868,0.735,0.728,0.874,0.87,0.85,0.505,0.719,0.765
Sullivan_9,0.697,0.656,0.665,0.723,0.613,0.606,0.728,0.725,0.708,0.421,0.599,0.638
Summer_Falls1,0,11.712,0,0,0,3.911,26.698,26.929,30.455,31.931,32.634,22.152
Summer_Falls2,0,11.712,0,0,0,3.911,26.698,26.929,30.455,31.931,32.634,22.152
Swan_Falls_1,4.975,4.119,4.438,4.969,4.558,4.75,4.747,6.695,6.242,5.802,4.815,3.816
Swan_Falls_2,4.975,4.119,4.438,4.969,4.558,4.75,4.747,6.695,6.242,5.802,4.815,3.816
Swift_2_21,9.679,5.433,19.606,19.3,16.133,11.082,4.761,7.978,7.736,2.953,2.004,3.239
Swift_2_22,9.679,5.433,19.606,19.3,16.133,11.082,4.761,7.978,7.736,2.953,2.004,3.239
Tacoma_1,0.565,0.43,0.378,0.397,0.531,0.56,0.567,0.853,0.83,0.857,0.701,0.538
Tacoma_2,0.565,0.43,0.378,0.397,0.531,0.56,0.567,0.853,0.83,0.857,0.701,0.538
Taylor_Draw,0.565,0.43,0.378,0.397,0.531,0.56,0.567,0.853,0.83,0.857,0.701,0.538
Tesla_1,4.803,3.976,4.285,4.797,4.401,4.586,4.583,6.463,6.026,5.602,4.649,3.684
The_Dalles_1,27.501,19.715,22.214,25.221,24.302,24.437,18.164,27.011,21.283,18.292,13.847,15.705
The_Dalles_10,27.501,19.715,22.214,25.221,24.302,24.437,18.164,27.011,21.283,18.292,13.847,15.705
The_Dalles_11,27.501,19.715,22.214,25.221,24.302,24.437,18.164,27.011,21.283,18.292,13.847,15.705
The_Dalles_12,27.501,19.715,22.214,25.221,24.302,24.437,18.164,27.011,21.283,18.292,13.847,15.705
The_Dalles_13,27.501,19.715,22.214,25.221,24.302,24.437,18.164,27.011,21.283,18.292,13.847,15.705
The_Dalles_14,27.501,19.715,22.214,25.221,24.302,24.437,18.164,27.011,21.283,18.292,13.847,15.705
The_Dalles_15,30.321,21.737,24.493,27.807,26.795,26.944,20.027,29.781,23.466,20.168,15.267,17.316
The_Dalles_16,30.321,21.737,24.493,27.807,26.795,26.944,20.027,29.781,23.466,20.168,15.267,17.316
The_Dalles_17,30.321,21.737,24.493,27.807,26.795,26.944,20.027,29.781,23.466,20.168,15.267,17.316
The_Dalles_18,30.321,21.737,24.493,27.807,26.795,26.944,20.027,29.781,23.466,20.168,15.267,17.316
The_Dalles_19,30.321,21.737,24.493,27.807,26.795,26.944,20.027,29.781,23.466,20.168,15.267,17.316
The_Dalles_2,27.501,19.715,22.214,25.221,24.302,24.437,18.164,27.011,21.283,18.292,13.847,15.705
The_Dalles_20,30.321,21.737,24.493,27.807,26.795,26.944,20.027,29.781,23.466,20.168,15.267,17.316
The_Dalles_21,30.321,21.737,24.493,27.807,26.795,26.944,20.027,29.781,23.466,20.168,15.267,17.316
The_Dalles_22,30.321,21.737,24.493,27.807,26.795,26.944,20.027,29.781,23.466,20.168,15.267,17.316
The_Dalles_3,27.501,19.715,22.214,25.221,24.302,24.437,18.164,27.011,21.283,18.292,13.847,15.705
The_Dalles_4,27.501,19.715,22.214,25.221,24.302,24.437,18.164,27.011,21.283,18.292,13.847,15.705
The_Dalles_5,31.626,22.672,25.547,29.004,27.948,28.103,20.888,31.063,24.475,21.036,15.924,18.061
The_Dalles_6,27.501,19.715,22.214,25.221,24.302,24.437,18.164,27.011,21.283,18.292,13.847,15.705
The_Dalles_7,27.501,19.715,22.214,25.221,24.302,24.437,18.164,27.011,21.283,18.292,13.847,15.705
The_Dalles_8,27.501,19.715,22.214,25.221,24.302,24.437,18.164,27.011,21.283,18.292,13.847,15.705
The_Dalles_9,27.501,19.715,22.214,25.221,24.302,24.437,18.164,27.011,21.283,18.292,13.847,15.705
The_Dalles_F1,4.936,3.539,3.987,4.527,4.362,4.386,3.26,4.848,3.82,3.283,2.485,2.819
The_Dalles_F2,4.936,3.539,3.987,4.527,4.362,4.386,3.26,4.848,3.82,3.283,2.485,2.819
ThermalitoDiverson,0.645,0.547,0.502,0.524,0.639,0.702,0.841,1.144,1.137,1.135,0.994,0.717
Thompson_Falls1,2.139,1.734,2.084,2.111,1.721,1.418,2.196,3.643,3.364,3.009,1.814,1.11
Thompson_Falls2,2.139,1.734,2.084,2.111,1.721,1.418,2.196,3.643,3.364,3.009,1.814,1.11
Thompson_Falls3,2.139,1.734,2.084,2.111,1.721,1.418,2.196,3.643,3.364,3.009,1.814,1.11
Thompson_Falls4,2.139,1.734,2.084,2.111,1.721,1.418,2.196,3.643,3.364,3.009,1.814,1.11
Thompson_Falls5,2.139,1.734,2.084,2.111,1.721,1.418,2.196,3.643,3.364,3.009,1.814,1.11
Thompson_Falls6,2.139,1.734,2.084,2.111,1.721,1.418,2.196,3.643,3.364,3.009,1.814,1.11
Thompson_Falls7,24.424,19.799,23.804,24.11,19.651,16.194,25.075,41.606,38.415,34.367,20.716,12.68
ThousandSpring1,0.188,0.171,0.168,0.174,0.194,0.206,0.27,0.384,0.391,0.392,0.329,0.22
ThousandSpring2,0.188,0.171,0.168,0.174,0.194,0.206,0.27,0.384,0.391,0.392,0.329,0.22
ThousandSpring3,1.277,1.165,1.142,1.181,1.317,1.401,1.835,2.608,2.659,2.666,2.235,1.496
Three_Sisters_1,0.709,0.879,0.797,0.785,0.731,0.717,0.614,0.755,1.009,1.123,0.825,0.647
TietonDamHydroUNIT1,0.201,0.411,0.18,0.17,0.232,0.304,1.012,1.267,1.446,1.346,1.373,0.948
TietonDamHydroUNIT2,0.201,0.411,0.18,0.17,0.232,0.304,1.012,1.267,1.446,1.346,1.373,0.948
Tiger_Creek_H1,14.665,14.449,15.698,16.211,14.134,15.079,7.946,9.263,14.332,15.564,14.189,14.52
Tiger_Creek_H2,15.307,15.082,16.386,16.92,14.752,15.74,8.294,9.669,14.959,16.245,14.81,15.156
Tipella1,2.488,3.268,2.764,2.549,2.454,2.142,2.596,4.095,4.462,4.272,3.684,3.079
Tipella2,2.488,3.268,2.764,2.549,2.454,2.142,2.596,4.095,4.462,4.272,3.684,3.079
Trinity_1,2.734,12.217,18.823,14.925,3.408,3.604,8.986,40.939,30.611,23.608,21.007,20.33
Trinity_2,2.734,12.217,18.823,14.925,3.408,3.604,8.986,40.939,30.611,23.608,21.007,20.33
Tulare_Success,0.309,0.262,0.241,0.251,0.306,0.336,0.403,0.549,0.545,0.544,0.477,0.344
Tunnel,1.996,1.786,1.806,1.934,1.911,2.039,2.304,3.12,3.041,2.976,2.553,1.792
Turlock_Lake_1,0,0.081,0,0,0.192,0.357,0.48,0.431,0.417,0.508,0.388,0.228
Turlock_Lake_2,0,0.081,0,0,0.192,0.357,0.48,0.431,0.417,0.508,0.388,0.228
Turlock_Lake_3,0,0.081,0,0,0.192,0.357,0.48,0.431,0.417,0.508,0.388,0.228
Twin_Falls1,1.041,1.085,0.934,0.842,1.259,1.372,2.281,3.257,3.512,3.67,3.093,1.876
Twin_Falls2,1.041,1.085,0.934,0.842,1.259,1.372,2.281,3.257,3.512,3.67,3.093,1.876
Twin_Falls_1,0.723,0.598,0.645,0.722,0.662,0.69,0.689,0.972,0.907,0.843,0.699,0.554
Twin_Falls_2,3.797,3.144,3.388,3.793,3.479,3.626,3.623,5.11,4.765,4.429,3.675,2.913
Tyson_Creek_1,2.39,3.14,2.656,2.449,2.358,2.058,2.494,3.935,4.287,4.105,3.54,2.958
U_Bonnington_1,1.192126,1.087688,1.150807,1.176872,1.017657,1.439598,1.421076,2.539929,2.206007,1.177968,0.7152064,0.8302984
U_Bonnington_2,1.192126,1.087688,1.150807,1.176872,1.017657,1.439598,1.421076,2.539929,2.206007,1.177968,0.7152064,0.8302984
U_Bonnington_3,1.192126,1.087688,1.150807,1.176872,1.017657,1.439598,1.421076,2.539929,2.206007,1.177968,0.7152064,0.8302984
U_Bonnington_4,1.192126,1.087688,1.150807,1.176872,1.017657,1.439598,1.421076,2.539929,2.206007,1.177968,0.7152064,0.8302984
U_Bonnington_5,4.768503,4.350751,4.603227,4.707486,4.070628,5.758393,5.684304,10.15972,8.824026,4.711871,2.860825,3.321194
U_Bonnington_6,4.118253,3.757467,3.975514,4.065557,3.515542,4.973158,4.909172,8.774301,7.62075,4.069343,2.470713,2.868303
Union_Valley_1,12.912,10.689,11.519,12.896,11.831,12.328,12.319,17.375,16.201,15.06,12.497,9.905
UpperGorge1,8.85,7.326,7.895,8.838,8.109,8.449,8.443,11.908,11.103,10.321,8.565,6.788
UpperPwr4,1.503,1.37,1.344,1.39,1.549,1.648,2.159,3.068,3.128,3.136,2.629,1.76
Upper_Baker_1,16.828,15.697,15.265,17.05,7.081,1.165,10.032,18.348,12.04,13.701,9.358,11.051
Upper_Baker_2,16.828,15.697,15.265,17.05,7.081,1.165,10.032,18.348,12.04,13.701,9.358,11.051
Upper_Beaver_1,0.424,0.353,0.378,0.421,0.392,0.409,0.418,0.59,0.555,0.521,0.433,0.337
Upper_Beaver_2,0.385,0.321,0.344,0.383,0.356,0.372,0.38,0.537,0.505,0.473,0.393,0.306
Upper_Clowhom_1,2.825,3.71,3.138,2.894,2.786,2.432,2.947,4.65,5.066,4.851,4.183,3.495
Upper_Falls_1,5.921,4.901,5.282,5.913,5.425,5.653,5.649,7.967,7.428,6.905,5.73,4.542
Upper_Malad_1,1.554,1.416,1.389,1.437,1.602,1.704,2.232,3.172,3.234,3.242,2.718,1.82
Upper_Mamquam_1,3.213,4.22,3.57,3.292,3.169,2.766,3.352,5.289,5.762,5.517,4.757,3.975
Upper_Mamquam_2,3.213,4.22,3.57,3.292,3.169,2.766,3.352,5.289,5.762,5.517,4.757,3.975
Upper_Molina_1,2.123,1.614,1.419,1.491,1.994,2.104,2.132,3.204,3.116,3.219,2.632,2.021
Upper_Salmon1,4.035,3.34,3.6,4.03,3.697,3.853,3.85,5.43,5.063,4.706,3.905,3.095
Upper_Salmon2,4.035,3.34,3.6,4.03,3.697,3.853,3.85,5.43,5.063,4.706,3.905,3.095
Upper_Salmon3,3.888,3.219,3.468,3.883,3.562,3.712,3.709,5.232,4.878,4.534,3.763,2.982
Upper_Salmon4,3.888,3.219,3.468,3.883,3.562,3.712,3.709,5.232,4.878,4.534,3.763,2.982
Upper_Stave1,1.226,1.61,1.362,1.256,1.209,1.055,1.279,2.018,2.199,2.105,1.815,1.517
Upper_Stave2,2.837,3.727,3.153,2.907,2.799,2.443,2.96,4.671,5.089,4.873,4.202,3.511
Upper_Stave3,2.837,3.727,3.153,2.907,2.799,2.443,2.96,4.671,5.089,4.873,4.202,3.511
Upper_Stave4,2.837,3.727,3.153,2.907,2.799,2.443,2.96,4.671,5.089,4.873,4.202,3.511
Upriver_Dam1,0.895,0.235,0.377,0.412,0.88,0.573,0.957,1.026,0.4,0.009,0,0.009
Upriver_Dam2,0.895,0.235,0.377,0.412,0.88,0.573,0.957,1.026,0.4,0.009,0,0.009
Upriver_Dam3,0.895,0.235,0.377,0.412,0.88,0.573,0.957,1.026,0.4,0.009,0,0.009
Upriver_Dam4,2.619,0.687,1.102,1.205,2.574,1.676,2.8,3.001,1.17,0.025,0,0.027
Upriver_Dam5,2.619,0.687,1.102,1.205,2.574,1.676,2.8,3.001,1.17,0.025,0,0.027
Vallecito1,0.197,0.149,0.131,0.138,0.185,0.195,0.197,0.297,0.289,0.298,0.244,0.187
Vallecito2,0.614,0.467,0.41,0.432,0.577,0.609,0.617,0.927,0.902,0.932,0.762,0.585
Vallecito3,0.614,0.467,0.41,0.432,0.577,0.609,0.617,0.927,0.902,0.932,0.762,0.585
Valley_View_1,1.528,1.276,1.363,1.516,1.415,1.478,1.522,2.148,2.027,1.905,1.584,1.226
Verdi_1,0.756,0.626,0.675,0.755,0.693,0.722,0.721,1.017,0.949,0.882,0.732,0.58
Vestal_AreaAgg,20.088,20.088,19.44,20.088,18.144,20.088,19.44,20.088,19.44,20.088,20.088,19.44
Wahleach_1,14.08876,12.85449,13.60044,13.90848,12.02685,17.01343,16.79454,30.01735,26.07099,13.92144,8.452438,9.812617
Walden_North_1,0.925,1.215,1.028,0.948,0.913,0.796,0.965,1.523,1.659,1.589,1.37,1.145
Walden_North_2,0.925,1.215,1.028,0.948,0.913,0.796,0.965,1.523,1.659,1.589,1.37,1.145
Walden_North_3,0.925,1.215,1.028,0.948,0.913,0.796,0.965,1.523,1.659,1.589,1.37,1.145
Walden_North_4,0.925,1.215,1.028,0.948,0.913,0.796,0.965,1.523,1.659,1.589,1.37,1.145
Walden_North_5,0.925,1.215,1.028,0.948,0.913,0.796,0.965,1.523,1.659,1.589,1.37,1.145
WalterHardman1,0.8670007,0.7910457,0.8369504,0.8559066,0.7401141,1.046981,1.03351,1.847221,1.604368,0.8567038,0.5201501,0.6038534
WalterHardman2,0.8670007,0.7910457,0.8369504,0.8559066,0.7401141,1.046981,1.03351,1.847221,1.604368,0.8567038,0.5201501,0.6038534
Walterville_1,2.281,2.041,2.064,2.21,2.184,2.33,2.633,3.565,3.475,3.401,2.918,2.048
Waneta1,26.01002,23.73137,25.10851,25.6772,22.20342,31.40942,31.0053,55.41664,48.13105,25.70111,15.6045,18.1156
Waneta2,26.01002,23.73137,25.10851,25.6772,22.20342,31.40942,31.0053,55.41664,48.13105,25.70111,15.6045,18.1156
Waneta3,26.01002,23.73137,25.10851,25.6772,22.20342,31.40942,31.0053,55.41664,48.13105,25.70111,15.6045,18.1156
Waneta4,26.01002,23.73137,25.10851,25.6772,22.20342,31.40942,31.0053,55.41664,48.13105,25.70111,15.6045,18.1156
WarmSpringsPwr,5.588,5.001,5.057,5.415,5.351,5.709,6.451,8.735,8.514,8.332,7.149,5.018
Washoe_1,0.41,0.339,0.365,0.409,0.375,0.391,0.391,0.551,0.514,0.478,0.396,0.314
Washoe_2,0.41,0.339,0.365,0.409,0.375,0.391,0.391,0.551,0.514,0.478,0.396,0.314
Weeks_Falls,0.125,0.256,0.112,0.106,0.144,0.189,0.631,0.79,0.901,0.839,0.855,0.591
Wells01,37.297,29.121,31.808,33.554,34.134,34.067,28.841,39.365,40.718,43.32,35.808,24.523
Wells02,37.297,29.121,31.808,33.554,34.134,34.067,28.841,39.365,40.718,43.32,35.808,24.523
Wells03,37.297,29.121,31.808,33.554,34.134,34.067,28.841,39.365,40.718,43.32,35.808,24.523
Wells04,37.297,29.121,31.808,33.554,34.134,34.067,28.841,39.365,40.718,43.32,35.808,24.523
Wells05,37.297,29.121,31.808,33.554,34.134,34.067,28.841,39.365,40.718,43.32,35.808,24.523
Wells06,37.297,29.121,31.808,33.554,34.134,34.067,28.841,39.365,40.718,43.32,35.808,24.523
Wells07,37.297,29.121,31.808,33.554,34.134,34.067,28.841,39.365,40.718,43.32,35.808,24.523
Wells08,37.297,29.121,31.808,33.554,34.134,34.067,28.841,39.365,40.718,43.32,35.808,24.523
Wells09,37.297,29.121,31.808,33.554,34.134,34.067,28.841,39.365,40.718,43.32,35.808,24.523
Wells10,37.297,29.121,31.808,33.554,34.134,34.067,28.841,39.365,40.718,43.32,35.808,24.523
Whatshan_1,11.70451,10.67912,11.29883,11.55474,9.99154,14.13424,13.95238,24.93749,21.65897,11.5655,7.022026,8.152021
WhiteRock1,16.977,11.425,6.988,29.135,20.39,29.861,43.389,58.143,51.611,22.837,16.791,8.391
WhiteRock2,21.608,14.54,8.894,37.082,25.952,38.005,55.222,74.001,65.687,29.065,21.37,10.679
WhitewaterHydroWWHI,0.484,0.405,0.432,0.481,0.449,0.468,0.483,0.681,0.643,0.604,0.502,0.389
Williams_Fork1,0.737,0.561,0.493,0.518,0.692,0.731,0.74,1.112,1.082,1.118,0.914,0.702
Williams_Fork2,0.123,0.093,0.082,0.086,0.115,0.122,0.123,0.185,0.18,0.186,0.152,0.117
WilsonLake1,0.789,0.719,0.706,0.73,0.813,0.865,1.134,1.611,1.642,1.647,1.38,0.924
WilsonLake2,0.789,0.719,0.706,0.73,0.813,0.865,1.134,1.611,1.642,1.647,1.38,0.924
Woodward,0.949,0.804,0.738,0.771,0.94,1.032,1.237,1.683,1.672,1.669,1.462,1.055
Wynoochee,4.71,2.509,3.783,3.756,1.213,1.762,1.71,0,0,1.055,0.866,0.953
Yellowtail_1,6.097,13.769,15.134,13.803,6.533,6.953,6.501,6.459,25.976,25.819,13.654,11.036
Yellowtail_2,6.097,13.769,15.134,13.803,6.533,6.953,6.501,6.459,25.976,25.819,13.654,11.036
Yellowtail_3,6.097,13.769,15.134,13.803,6.533,6.953,6.501,6.459,25.976,25.819,13.654,11.036
Yellowtail_4,6.097,13.769,15.134,13.803,6.533,6.953,6.501,6.459,25.976,25.819,13.654,11.036
Yelm_1,1.395,1.155,1.245,1.393,1.278,1.332,1.331,1.878,1.751,1.627,1.35,1.07
Yelm_2,1.395,1.155,1.245,1.393,1.278,1.332,1.331,1.878,1.751,1.627,1.35,1.07
Yelm_3,2.791,2.31,2.489,2.787,2.557,2.664,2.662,3.755,3.501,3.255,2.701,2.141
Yorba_Linda,1.9,1.587,1.696,1.885,1.76,1.838,1.893,2.672,2.522,2.37,1.97,1.526
Zeballos_Lake_1,2.411,3.167,2.679,2.47,2.378,2.075,2.515,3.969,4.324,4.14,3.57,2.983
Zeballos_Lake_2,2.411,3.167,2.679,2.47,2.378,2.075,2.515,3.969,4.324,4.14,3.57,2.983
Zeballos_Lake_3,0.794,1.043,0.882,0.814,0.783,0.684,0.829,1.307,1.424,1.364,1.176,0.983
